# Every take of the CMU motion capture database (mocap.cs.cmu.edu; free for all uses), one a line. Written by
# node tools/cmu.mjs survey, which converts each take into the readable format and measures it; edit only "note".
# sec: length in seconds. category: what a game would use it for (from the words of its description). active: the
# seconds where it moves (still stretches at either end left out). fit: the readable format's average and worst
# body-point error against the capture (mm). travel: metres the hips cover. hips: lowest and highest hip height, in
# percent of standing (under 60: crouching or lying; over 115: in the air or up on something). flags: inverted (upside
# down at some point), floats (feet off the floor most of the time: stairs, a ladder, a bench), loose (fit over 30 mm),
# short (under a second), fps? (not on the site's list: 120 assumed), error. used: the CMU set's clips cut from it
# (src/mocap/catalogs/cmu.json). note: yours, kept when the survey runs again: "pick" (next to import), "skip: why".
id	subject	fps	sec	category	active	fit	travel	hips	flags	used	note	desc	about
01_01	1	120	22.9	jump	0.1-22.9	19/96	11.2	84-133				playground - forward jumps, turn around	climb, swing, hang on playground equipment
01_02	1	120	36.2	climb	0.0-36.2	26/212	17.0	100-182				playground - climb	climb, swing, hang on playground equipment
01_03	1	120	37.6	climb	0.0-37.6	21/159	17.0	94-178				playground - climb, hang, swing	climb, swing, hang on playground equipment
01_04	1	120	35.8	climb	0.3-35.8	18/127	16.3	101-161				playground - climb	climb, swing, hang on playground equipment
01_05	1	120	36.5	climb	0.2-36.5	20/122	17.2	44-180				playground - climb, go under	climb, swing, hang on playground equipment
01_06	1	120	42.8	climb	0.0-42.8	22/164	19.0	97-194				playground - climb, sit, dangle legs, descend	climb, swing, hang on playground equipment
01_07	1	120	40.3	climb	0.0-40.3	17/146	18.2	92-186				playground - climb, sit, dangle legs, jump down	climb, swing, hang on playground equipment
01_08	1	120	21.7	climb	0.0-21.7	20/220	7.4	88-179	floats			playground - climb, sit, dangle legs, rock back, lower self to ground	climb, swing, hang on playground equipment
01_09	1	120	35.3	climb	0.0-35.3	22/225	14.2	44-186	floats			playground - climb, hang, hold self up with arms straight, swing, drop, sit, dangle legs, go under	climb, swing, hang on playground equipment
01_10	1	120	27.2	climb	0.0-27.2	22/217	13.9	42-187				playground - climb, swing, lean back, drop	climb, swing, hang on playground equipment
01_11	1	120	38.8	climb	0.0-38.8	24/241	18.1	55-184				playground - climb, hang, lean over, jump down	climb, swing, hang on playground equipment
01_12	1	120	34.2	climb	0.0-34.2	30/222	19.1	78-180	loose			playground - climb, pull up, dangle, sit, lower self to ground	climb, swing, hang on playground equipment
01_13	1	120	28.2	climb	0.0-28.2	23/176	24.6	39-191				playground - climb, go under, jump down	climb, swing, hang on playground equipment
01_14	1	120	19.5	climb	0.0-19.5	34/211	13.4	50-185	loose			playground - climb, jump down, dangle, legs push off against	climb, swing, hang on playground equipment
02_01	2	120	2.9	locomotion	0.0-2.9	10/87	3.4	97-104		Walk_Loop		walk	various expressions and human behaviors
02_02	2	120	2.5	locomotion	0.0-2.5	12/99	4.0	93-103				walk	various expressions and human behaviors
02_03	2	120	1.4	locomotion	0.0-1.4	13/75	3.7	94-109				run/jog	various expressions and human behaviors
02_04	2	120	4.0	jump	0.0-3.0	15/84	0.7	76-153				jump, balance	various expressions and human behaviors
02_05	2	120	15.4	combat	0.0-15.1	11/84	1.7	86-104				punch/strike	various expressions and human behaviors
02_06	2	120	18.6	everyday	0.0-18.0	17/96	2.9	60-105				bend over, scoop up, rise, lift arm	various expressions and human behaviors
02_07	2	120	18.8	combat	0.0-18.0	13/112	2.4	91-103		Sword_Lunge		swordplay	various expressions and human behaviors
02_08	2	120	12.5	combat	0.0-11.8	10/66	2.5	83-105				swordplay	various expressions and human behaviors
02_09	2	120	8.6	combat	0.0-8.6	12/53	1.6	77-105				swordplay	various expressions and human behaviors
02_10	2	120	22.0	everyday	0.0-21.6	16/130	1.9	81-105	inverted			wash self	various expressions and human behaviors
03_01	3	120	3.6	locomotion	0.0-3.6	13/89	2.3	95-126				walk on uneven terrain	walk on uneven terrain
03_02	3	120	3.0	locomotion	0.0-3.0	14/86	2.5	96-121				walk on uneven terrain	walk on uneven terrain
03_03	3	120	38.0	locomotion	0.0-38.0	17/203	24.7	86-121				walk on uneven terrain	walk on uneven terrain
03_04	3	120	39.3	locomotion	0.0-39.3	17/195	26.3	86-117				walk on uneven terrain	walk on uneven terrain
05_01	5	120	5.0	locomotion	0.0-5.0	11/78	4.4	99-106				walk	modern dance
05_02	5	120	9.4	dance	2.6-9.4	19/104	1.9	92-111				dance - expressive arms, pirouette	modern dance
05_03	5	120	3.6	dance	0.0-3.6	16/76	1.5	87-105				dance - sideways arabesque, turn step, folding arms	modern dance
05_04	5	120	10.0	dance	0.0-10.0	16/86	2.4	87-103				dance - sideways arabesque, folding arms, bending back	modern dance
05_05	5	120	7.6	dance	0.4-7.6	21/121	3.4	85-123				dance - quasi-cou-de-pied, raised leg above hip-height, jete en tourant	modern dance
05_06	5	120	7.4	acrobatics	0.0-6.6	27/358	3.9	91-129	inverted			dance - cartwheel-like start, pirouettes, jete	modern dance
05_07	5	120	9.9	dance	0.0-8.2	13/122	4.2	92-115				dance - small jetes, attitude/arabesque, shifted-axis pirouette, turn	modern dance
05_08	5	120	6.0	dance	0.0-4.4	18/133	4.0	92-123				dance - rond de jambe in the air, jete, turn	modern dance
05_09	5	120	9.5	dance	4.2-9.5	16/104	1.7	88-117				dance - glissade devant, glissade derriere, attitude/arabesque	modern dance
05_10	5	120	6.8	dance	0.2-6.8	20/103	1.5	92-117				dance - glissade devant, glissade derriere, attitude/arabesque	modern dance
05_11	5	120	4.9	dance	0.0-4.9	20/126	2.2	87-115				dance - sideways steps, pirouette	modern dance
05_12	5	120	11.3	dance	0.0-11.3	13/92	1.4	98-105				dance - arms held high, pointe tendue a terre, upper body rotation	modern dance
05_13	5	120	9.1	dance	2.2-9.1	14/81	2.8	95-116				dance - small jetes, pirouette	modern dance
05_14	5	120	5.3	dance	0.5-5.3	14/142	4.3	83-116				dance - retire derriere, attitude/arabesque	modern dance
05_15	5	120	4.5	dance	0.0-4.4	14/107	3.5	91-116				dance - retire derriere, attitude/arabesque	modern dance
05_16	5	120	4.4	dance	0.0-4.4	22/195	4.1	87-135				dance - coupe dessous, jete en tourant	modern dance
05_17	5	120	8.7	dance	1.8-8.3	16/120	4.3	87-134				dance - coupe dessous, grand jete en tourant	modern dance
05_18	5	120	15.2	dance	0.0-15.2	17/113	4.1	92-144				dance - attitude/arabesque, jete en tourant, bending back	modern dance
05_19	5	120	7.2	dance	0.7-7.2	17/102	3.7	92-141				dance - attitude/arabesque, jete en tourant, bending back	modern dance
05_20	5	120	9.1	dance	0.6-9.1	18/122	3.9	91-141				dance - attitude/arabesque, jete en tourant, bending back	modern dance
06_01	6	120	4.1	locomotion	0.0-4.1	22/74	4.3	101-106				walk	dribble, shoot basketball
06_02	6	120	6.0	sports	0.3-5.5	24/77	5.0	100-106				basketball - forward dribble	dribble, shoot basketball
06_03	6	120	4.4	sports	0.0-4.4	24/80	4.2	100-105				basketball - forward dribble	dribble, shoot basketball
06_04	6	120	3.3	sports	0.0-3.3	20/65	4.5	99-104				basketball - forward dribble	dribble, shoot basketball
06_05	6	120	3.2	sports	0.0-3.2	22/74	3.9	101-105				basketball - forward dribble	dribble, shoot basketball
06_06	6	120	3.3	sports	0.0-3.3	26/80	4.0	95-104				basketball - backward dribble	dribble, shoot basketball
06_07	6	120	4.8	sports	0.7-4.8	26/103	4.6	97-106				basketball - backward dribble	dribble, shoot basketball
06_08	6	120	2.8	sports	0.0-2.8	22/67	3.3	96-108				basketball - sideways dribble	dribble, shoot basketball
06_09	6	120	2.5	sports	0.0-2.5	22/68	3.5	95-107				basketball - sideways dribble	dribble, shoot basketball
06_10	6	120	9.3	sports	0.0-9.3	24/71	4.3	93-103				basketball - forward dribble, 90-degree left turns	dribble, shoot basketball
06_11	6	120	9.5	sports	0.0-9.5	24/82	4.9	99-104				basketball - forward dribble, 90-degree right turns	dribble, shoot basketball
06_12	6	120	10.2	sports	0.0-10.2	24/74	4.9	99-105				basketball - forward dribble, 90-degree right turns, crossover dribble	dribble, shoot basketball
06_13	6	120	40.9	sports	0.2-40.9	22/145	43.9	80-105				basketball - low, fast free style dribble, dribble through legs	dribble, shoot basketball
06_14	6	120	4.0	sports	0.0-4.0	27/109	1.6	92-112				basketball - crossover dribble, shoot	dribble, shoot basketball
06_15	6	120	4.5	sports	0.1-4.5	26/94	1.2	87-125				basketball - dribble, shoot	dribble, shoot basketball
07_01	7	120	2.6	locomotion	0.0-2.6	17/81	3.6	97-108				walk	walk
07_02	7	120	2.7	locomotion	0.0-2.7	18/83	3.6	96-107				walk	walk
07_03	7	120	3.5	locomotion	0.0-3.5	18/69	3.5	99-108				walk	walk
07_04	7	120	3.7	locomotion	0.0-3.7	19/76	3.5	98-109				slow walk	walk
07_05	7	120	4.3	locomotion	0.0-4.3	18/83	4.2	96-107				slow walk	walk
07_06	7	120	3.5	locomotion	0.0-3.5	17/94	4.3	97-107				walk	walk
07_07	7	120	3.2	locomotion	0.0-3.2	18/74	4.2	94-106				walk	walk
07_08	7	120	3.0	locomotion	0.0-3.0	18/96	4.1	94-108				walk	walk
07_09	7	120	2.5	locomotion	0.0-2.5	17/71	3.8	96-107				walk	walk
07_10	7	120	2.5	locomotion	0.0-2.5	19/71	4.0	94-107				walk	walk
07_11	7	120	2.6	locomotion	0.0-2.6	19/81	4.4	93-107				walk	walk
07_12	7	120	2.2	locomotion	0.0-2.2	17/81	6.3	0-106				brisk walk	walk
08_01	8	120	2.3	locomotion	0.0-2.3	13/91	3.7	95-105				walk	walk
08_02	8	120	2.6	locomotion	0.0-2.6	12/92	4.0	97-107				walk	walk
08_03	8	120	2.9	locomotion	0.0-2.9	12/87	4.5	96-107				walk	walk
08_04	8	120	4.0	locomotion	0.0-4.0	11/84	4.2	96-107				slow walk	walk
08_05	8	120	2.5	locomotion	0.0-2.5	12/95	4.0	93-106				walk/stride	walk
08_06	8	120	2.5	locomotion	0.0-2.5	12/98	4.3	95-107				walk	walk
08_07	8	120	2.5	locomotion	0.0-2.5	14/77	4.3	85-105				walk, exaggerated stride	walk
08_08	8	120	2.4	locomotion	0.0-2.4	12/87	4.1	93-106				walk	walk
08_09	8	120	2.4	locomotion	0.0-2.4	12/96	4.2	97-108				walk	walk
08_10	8	120	2.3	locomotion	0.0-2.3	16/104	3.7	96-107				walk	walk
08_11	8	120	3.1	locomotion	0.0-3.1	12/77	3.8	93-106				slow walk/stride	walk
09_01	9	120	1.2	locomotion	0.0-1.2	15/59	4.4	100-111		Run_Loop		run	run
09_02	9	120	1.1	locomotion	0.0-1.1	15/41	3.8	99-108				run	run
09_03	9	120	1.1	locomotion	0.0-1.1	14/53	3.7	99-109				run	run
09_04	9	120	1.1	locomotion	0.0-1.1	16/63	4.1	100-109				run	run
09_05	9	120	1.2	locomotion	0.0-1.2	15/51	4.1	99-110				run	run
09_06	9	120	1.2	locomotion	0.0-1.2	15/66	4.2	100-110				run	run
09_07	9	120	1.1	locomotion	0.0-1.1	16/54	3.9	99-109				run	run
09_08	9	120	1.1	locomotion	0.0-1.1	16/48	3.7	100-109				run	run
09_09	9	120	1.3	locomotion	0.0-1.3	16/57	4.4	98-110				run	run
09_10	9	120	1.1	locomotion	0.0-1.1	15/51	5.4	0-110				run	run
09_11	9	120	1.4	locomotion	0.0-1.4	15/50	4.8	98-110				run	run
09_12	9	120	16.0	locomotion	0.0-16.0	13/99	15.6	99-106				navigate - walk forward, backward, sideways	run
10_01	10	120	6.7	combat	1.5-6.7	21/116	2.0	90-106				soccer - kick ball	kick soccer ball
10_02	10	120	4.9	combat	1.9-4.9	23/115	2.1	85-104				soccer - kick ball	kick soccer ball
10_03	10	120	3.0	combat	0.0-2.6	27/126	3.3	80-103				soccer - kick ball	kick soccer ball
10_04	10	120	4.6	locomotion	0.5-4.6	24/113	4.1	102-108				walk	kick soccer ball
10_05	10	120	3.6	combat	0.9-3.6	26/136	3.5	83-105				soccer - kick ball	kick soccer ball
10_06	10	120	4.8	combat	0.0-4.8	24/127	4.2	83-107				soccer - kick ball	kick soccer ball
11_01	11	120	5.0	combat	1.5-5.0	18/77	3.4	86-106				soccer - kick ball	kick soccer ball
12_01	12	120	4.4	locomotion	0.0-4.4	22/69	3.9	100-104				walk	tai chi, walk
12_02	12	120	5.6	locomotion	0.0-5.6	22/82	4.6	100-105				walk	tai chi, walk
12_03	12	120	4.7	locomotion	0.0-4.7	22/67	4.0	100-105				walk	tai chi, walk
12_04	12	120	148.3	exercise	0.0-148.3	34/195	14.2	82-104	loose			tai chi	tai chi, walk
13_01	13	120	19.3	sit and lie	0.0-19.3	14/102	3.5	85-104				sit on high stool, stand up	various everyday behaviors
13_02	13	120	29.0	sit and lie	0.0-29.0	15/103	5.1	85-105				sit on high stool, stand up	various everyday behaviors
13_03	13	120	31.0	sit and lie	0.0-25.1	15/112	4.4	84-104				sit on high stool, stand up	various everyday behaviors
13_04	13	120	39.7	sit and lie	0.0-39.7	13/102	6.9	53-105				sit on stepstool, chin in hand	various everyday behaviors
13_05	13	120	36.7	sit and lie	0.0-36.7	14/114	6.3	53-105				sit on stepstool, hands against chin, fidget, stand up	various everyday behaviors
13_06	13	120	36.8	sit and lie	0.0-36.8	15/109	5.5	53-106				sit on stepstool, hands against chin, elbow out, stand up	various everyday behaviors
13_07	13	120	12.1	everyday	0.0-12.1	11/79	0.2	104-104				unscrew bottlecap, drink soda	various everyday behaviors
13_08	13	120	13.4	everyday	0.0-13.4	13/91	0.3	103-104				unscrew bottlecap, drink soda, screw on bottlecap	various everyday behaviors
13_09	13	120	9.2	everyday	0.0-9.2	18/138	0.2	103-104				drink soda	various everyday behaviors
13_10	13	120	20.0	jump	0.0-20.0	24/139	5.4	96-117				jump up to grab, reach for, tiptoe	various everyday behaviors
13_11	13	120	3.5	jump	0.7-3.2	16/113	1.5	81-128				forward jump	various everyday behaviors
13_12	13	120	28.6	jump	0.0-28.6	19/124	6.6	94-118				jump up to grab, reach for, tiptoe	various everyday behaviors
13_13	13	120	3.7	jump	0.5-3.1	19/155	1.5	77-147				forward jump	various everyday behaviors
13_14	13	120	20.2	gesture and talk	0.0-20.2	12/179	7.9	85-106				laugh	various everyday behaviors
13_15	13	120	19.8	gesture and talk	0.0-19.8	13/114	7.4	92-105				laugh	various everyday behaviors
13_16	13	120	19.0	gesture and talk	0.0-19.0	12/121	6.6	93-110				laugh	various everyday behaviors
13_17	13	120	40.3	combat	0.0-40.3	15/145	16.1	73-104		Boxing_Guard_Loop Boxing_Jab		boxing	various everyday behaviors
13_18	13	120	25.0	combat	0.0-24.9	15/147	8.4	74-106				boxing	various everyday behaviors
13_19	13	120	3.5	jump	1.0-3.3	18/113	1.7	75-137				forward jump	various everyday behaviors
13_20	13	120	47.7	everyday	0.0-47.7	16/121	9.0	95-106		Wash_Window_Loop		wash windows	various everyday behaviors
13_21	13	120	45.3	everyday	0.0-45.3	15/106	6.1	98-106				wash windows	various everyday behaviors
13_22	13	120	41.3	everyday	0.0-41.3	15/147	6.3	98-110				wash windows	various everyday behaviors
13_23	13	120	33.5	everyday	0.0-33.5	14/104	7.8	100-106		Sweep_Loop		sweep floor	various everyday behaviors
13_24	13	120	33.6	everyday	0.0-33.6	15/98	9.8	99-105				sweep floor	various everyday behaviors
13_25	13	120	33.4	everyday	0.0-33.4	15/96	12.1	98-104				sweep floor	various everyday behaviors
13_26	13	120	25.2	gesture and talk	0.0-25.2	12/122	6.7	94-103			pick: Direct_Traffic (a guard at a gate)	direct traffic, wave	various everyday behaviors
13_27	13	120	34.7	gesture and talk	0.0-34.7	13/107	9.2	89-104				direct traffic, wave, point	various everyday behaviors
13_28	13	120	34.3	gesture and talk	0.0-34.3	12/114	8.9	95-105				direct traffic, wave, point	various everyday behaviors
13_29	13	120	38.3	jump	0.0-37.8	17/103	5.3	40-114		Jumping_Jacks_Loop		jumping jacks, side twists, bend over, squats	various everyday behaviors
13_30	13	120	20.5	jump	0.0-20.5	17/135	3.6	47-111				jumping jacks, side twists, squats, jog	various everyday behaviors
13_31	13	120	25.1	jump	0.0-25.1	17/277	4.0	87-110				jumping jacks, side twists, bend over, jog	various everyday behaviors
13_32	13	120	2.8	jump	0.5-2.5	17/95	1.5	83-131				forward jump	various everyday behaviors
13_33	13	120	12.5	climb	0.0-12.5	18/165	2.2	99-191	floats	Climb_Ladder		climb ladder	various everyday behaviors
13_34	13	120	11.8	climb	0.0-11.8	20/185	2.4	101-189	floats			climb ladder	various everyday behaviors
13_35	13	120	10.0	climb	0.0-10.0	13/108	3.0	97-164	floats			climb 3 steps	various everyday behaviors
13_36	13	120	11.5	climb	0.0-11.5	14/108	3.2	101-165	floats			climb 3 steps	various everyday behaviors
13_37	13	120	12.3	climb	0.0-12.3	14/105	3.5	95-165	floats			climb 3 steps	various everyday behaviors
13_38	13	120	10.4	climb	0.0-10.4	14/107	3.3	100-165	floats			climb 3 steps	various everyday behaviors
13_39	13	120	2.9	jump	0.0-2.2	18/111	0.3	73-143				jump	various everyday behaviors
13_40	13	120	2.7	jump	0.5-2.4	19/111	0.3	78-142				jump	various everyday behaviors
13_41	13	120	3.1	jump	0.6-2.6	18/94	0.5	68-155				jump	various everyday behaviors
13_42	13	120	3.3	jump	0.4-2.7	18/107	0.5	66-155				jump	various everyday behaviors
14_01	14	120	46.6	combat	0.6-46.6	19/130	19.9	77-107				boxing	various everyday behaviors
14_02	14	120	45.2	combat	0.3-45.2	20/138	22.0	72-109				boxing	various everyday behaviors
14_03	14	120	46.1	combat	0.0-46.1	19/130	22.3	73-109				boxing	various everyday behaviors
14_04	14	120	6.3	everyday	0.0-6.2	18/95	0.2	104-105				drink soda, screw on bottlecap	various everyday behaviors
14_05	14	120	7.1	everyday	0.0-7.1	18/88	0.1	104-105				unscrew bottlecap, drink soda	various everyday behaviors
14_06	14	120	44.6	jump	0.2-44.6	22/133	5.0	41-115				jumping jacks, jog, squats, side twists, stretches	various everyday behaviors
14_07	14	120	18.5	jump	0.0-18.5	26/129	6.4	94-125				jump up to grab, reach for, tiptoe	various everyday behaviors
14_08	14	120	21.9	jump	0.5-21.9	28/229	5.2	93-127				jump up to grab, reach for, tiptoe	various everyday behaviors
14_09	14	120	27.4	jump	0.3-27.4	26/163	8.0	90-133				jump up to grab, reach for, tiptoe	various everyday behaviors
14_10	14	120	35.3	everyday	0.0-35.3	21/155	3.6	103-106				wash windows	various everyday behaviors
14_11	14	120	35.3	everyday	0.4-35.3	21/113	5.0	95-103				wash windows	various everyday behaviors
14_12	14	120	22.9	everyday	0.1-22.9	20/132	2.8	98-105				wash windows	various everyday behaviors
14_13	14	120	27.2	everyday	0.3-27.2	22/102	8.1	101-105				mop floor	various everyday behaviors
14_14	14	120	38.8	jump	0.2-38.8	20/117	4.3	40-116				jumping jacks, jog, squats, side twists, stretches	various everyday behaviors
14_15	14	120	38.1	everyday	0.0-38.1	23/108	11.5	100-106				mop floor	various everyday behaviors
14_16	14	120	47.9	everyday	0.0-47.9	21/108	11.7	100-106				sweep floor	various everyday behaviors
14_17	14	120	20.8	gesture and talk	0.1-20.8	18/103	7.9	97-106				laugh	various everyday behaviors
14_18	14	120	26.5	gesture and talk	0.0-26.5	18/93	9.7	97-106				laugh	various everyday behaviors
14_19	14	120	22.7	gesture and talk	0.2-22.7	18/98	8.6	98-106	inverted			laugh	various everyday behaviors
14_20	14	120	38.7	jump	0.0-38.7	22/132	5.6	88-116	inverted			jumping jacks, side twists, reach up, bend over	various everyday behaviors
14_21	14	120	10.1	climb	0.6-10.0	17/94	2.6	103-171	floats			climb 3 steps	various everyday behaviors
14_22	14	120	10.1	climb	0.0-10.1	17/92	3.1	102-170				climb 3 steps	various everyday behaviors
14_23	14	120	11.0	climb	0.1-11.0	17/87	2.9	102-170				climb 3 steps	various everyday behaviors
14_24	14	120	30.8	gesture and talk	0.5-30.8	17/95	5.7	102-105				direct traffic, wave, point	various everyday behaviors
14_25	14	120	37.0	gesture and talk	0.4-37.0	16/113	9.4	98-105				direct traffic, wave, point	various everyday behaviors
14_26	14	120	39.3	gesture and talk	0.0-39.3	17/116	11.0	101-106				direct traffic, wave, point	various everyday behaviors
14_27	14	120	17.9	sit and lie	0.2-17.9	16/88	3.2	91-107				sit on high stool, stand up	various everyday behaviors
14_28	14	120	17.1	sit and lie	0.0-17.1	16/91	4.1	89-107				sit on high stool, stand up	various everyday behaviors
14_29	14	120	21.0	climb	0.0-21.0	16/75	5.0	89-107				sit on stepstool, stand up, swing legs	various everyday behaviors
14_30	14	120	21.4	sit and lie	0.0-21.4	16/127	5.1	56-104				sit on stepstool, ankle on other knee, hand on chin	various everyday behaviors
14_31	14	120	17.4	sit and lie	0.0-17.4	17/93	4.4	56-104				sit on stepstool, stand up	various everyday behaviors
14_32	14	120	22.0	sit and lie	0.0-21.4	17/93	5.2	54-105				sit on stepstool, stand up	various everyday behaviors
14_33	14	120	11.6	climb	0.7-11.6	17/91	2.2	103-195				climb ladder	various everyday behaviors
14_34	14	120	11.9	climb	0.6-11.9	19/108	2.6	102-194				climb ladder	various everyday behaviors
14_35	14	120	13.4	climb	0.3-13.4	18/91	2.8	102-196				climb ladder	various everyday behaviors
14_36	14	120	17.4	sit and lie	0.0-17.4	17/93	4.4	56-104				sit on stepstool, stand up	various everyday behaviors
14_37	14	120	4.3	everyday	0.0-4.0	22/97	0.1	104-105				drink soda	various everyday behaviors
15_01	15	120	46.0	locomotion	0.0-46.0	21/100	33.9	97-103				walk/wander	various everyday behaviors, dance moves
15_02	15	120	183.0	climb	0.0-183.0	23/100	92.1	52-142				climb, step over, sit on, stand on stepstool	various everyday behaviors, dance moves
15_03	15	120	104.6	locomotion	0.0-104.6	21/98	70.1	99-104				walk/wander	various everyday behaviors, dance moves
15_04	15	120	187.9	combat	0.8-187.9	23/133	19.8	59-106				wash windows, paint; hand signals; dance - Egyptian walk, the Dive, the Twist, the Cabbage Patch; boxing	various everyday behaviors, dance moves
15_05	15	120	191.2	combat	8.3-191.2	23/144	21.1	48-105				wash windows, paint; hand signals; dance - Egyptian walk, the Dive, the Twist, the Cabbage Patch; boxing	various everyday behaviors, dance moves
15_06	15	120	30.0	everyday	0.6-30.0	24/131	3.9	103-107				lean forward, reach for	various everyday behaviors, dance moves
15_07	15	120	45.8	everyday	1.0-45.8	23/121	3.0	102-114				lean forward, tiptoe, reach for	various everyday behaviors, dance moves
15_08	15	120	32.2	gesture and talk	0.0-32.2	21/135	1.4	103-106				hand signals - horizontally revolve forearms	various everyday behaviors, dance moves
15_09	15	120	65.6	locomotion	0.0-65.6	22/108	43.5	99-104				walk/wander	various everyday behaviors, dance moves
15_10	15	120	23.2	sit and lie	0.8-23.2	20/91	10.1	86-104				sit on high stool, stand up	various everyday behaviors, dance moves
15_11	15	120	78.3	gesture and talk	0.0-76.7	22/130	3.3	104-106				wash windows, paint figure eights; hand signals	various everyday behaviors, dance moves
15_12	15	120	75.7	dance	0.0-75.7	22/148	7.8	58-105				wash windows; basketball - dribble, lay-up shot, pass; throw ball; dance - Egyptian walk, the Dive, the Twist; strew	various everyday behaviors, dance moves
15_13	15	120	77.7	combat	0.0-77.7	26/172	27.1	85-103				boxing	various everyday behaviors, dance moves
15_14	15	120	75.0	locomotion	0.0-75.0	21/103	52.0	97-103				walk/wander	various everyday behaviors, dance moves
16_01	16	120	2.7	jump	0.2-2.0	19/93	0.2	87-134				jump	run, jump, walk
16_02	16	120	3.9	jump	1.1-2.9	17/58	0.3	85-139				jump	run, jump, walk
16_03	16	120	3.4	jump	0.7-2.7	20/85	0.6	81-160				high jump	run, jump, walk
16_04	16	120	3.2	jump	0.5-2.8	21/83	0.5	84-160				high jump	run, jump, walk
16_05	16	120	2.5	jump	0.4-2.1	18/61	1.2	92-136				forward jump	run, jump, walk
16_06	16	120	3.4	jump	1.2-3.0	19/72	1.4	92-131				forward jump	run, jump, walk
16_07	16	120	3.5	jump	0.6-3.2	22/106	1.4	90-151				forward jump	run, jump, walk
16_08	16	120	2.0	locomotion	0.0-1.5	18/77	3.1	94-106				run/jog, sudden stop	run, jump, walk
16_09	16	120	4.1	jump	1.5-4.1	20/101	2.6	89-136				forward jump	run, jump, walk
16_10	16	120	3.8	jump	1.5-3.8	19/81	2.2	87-146				forward jump	run, jump, walk
16_11	16	120	4.4	locomotion	0.0-4.4	18/109	4.2	102-106				walk, veer left	run, jump, walk
16_12	16	120	3.7	locomotion	0.0-3.7	18/97	3.8	103-106				walk, veer left	run, jump, walk
16_13	16	120	3.7	locomotion	0.0-3.7	17/94	3.8	102-106				walk, veer right	run, jump, walk
16_14	16	120	4.0	locomotion	0.0-4.0	18/96	3.6	102-107				walk, veer right	run, jump, walk
16_15	16	120	3.9	locomotion	0.0-3.9	17/90	4.3	101-106				walk	run, jump, walk
16_16	16	120	4.2	locomotion	0.0-4.2	18/94	4.3	102-106				walk	run, jump, walk
16_17	16	120	4.3	locomotion	0.0-4.3	18/111	3.8	102-106				walk, 90-degree left turn	run, jump, walk
16_18	16	120	4.3	locomotion	0.0-4.3	18/95	4.0	103-106				walk, 90-degree left turn	run, jump, walk
16_19	16	120	3.4	locomotion	0.0-3.4	17/92	3.0	103-107				walk, 90-degree right turn	run, jump, walk
16_20	16	120	4.2	locomotion	0.0-4.2	18/94	3.9	102-106				walk, 90-degree right turn	run, jump, walk
16_21	16	120	2.6	locomotion	0.0-2.6	17/95	4.4	99-105				walk	run, jump, walk
16_22	16	120	2.6	locomotion	0.0-2.6	19/120	4.2	99-105				walk	run, jump, walk
16_23	16	120	2.5	locomotion	0.0-2.5	18/89	4.1	100-104				walk, veer left	run, jump, walk
16_24	16	120	2.5	locomotion	0.0-2.5	20/96	4.0	100-105				walk, veer left	run, jump, walk
16_25	16	120	2.4	locomotion	0.0-2.4	18/89	3.8	101-104				walk, veer right	run, jump, walk
16_26	16	120	2.2	locomotion	0.0-2.2	19/85	3.7	100-104				walk, veer right	run, jump, walk
16_27	16	120	2.0	locomotion	0.0-2.0	19/103	3.2	97-105				walk, 90-degree left turn	run, jump, walk
16_28	16	120	2.3	locomotion	0.0-2.3	19/99	3.5	97-105				walk, 90-degree left turn	run, jump, walk
16_29	16	120	2.3	locomotion	0.0-2.3	18/88	3.4	98-104				walk, 90-degree right turn	run, jump, walk
16_30	16	120	2.2	locomotion	0.0-2.2	20/90	3.5	100-105				walk, 90-degree right turn	run, jump, walk
16_31	16	120	3.5	locomotion	0.3-3.5	18/100	3.4	101-106				walk	run, jump, walk
16_32	16	120	4.8	locomotion	0.0-4.8	20/96	4.5	101-106				walk	run, jump, walk
16_33	16	120	2.4	locomotion	0.0-2.3	17/89	1.7	102-107				slow walk, stop	run, jump, walk
16_34	16	120	2.9	locomotion	0.0-2.7	17/131	2.1	102-106				slow walk, stop	run, jump, walk
16_35	16	120	1.3	locomotion	0.0-1.3	18/73	3.7	97-110				run/jog	run, jump, walk
16_36	16	120	1.6	locomotion	0.0-1.6	18/74	4.2	99-111				run/jog	run, jump, walk
16_37	16	120	1.5	locomotion	0.0-1.5	17/73	3.7	98-110				run/jog, veer left	run, jump, walk
16_38	16	120	1.4	locomotion	0.0-1.4	20/67	3.7	99-110				run/jog, veer left	run, jump, walk
16_39	16	120	1.2	locomotion	0.0-1.2	19/73	3.4	96-107				run/jog, veer right	run, jump, walk
16_40	16	120	1.6	locomotion	0.0-1.6	16/54	3.8	95-108				run/jog, veer right	run, jump, walk
16_41	16	120	1.3	locomotion	0.0-1.3	19/72	2.9	90-106				run/jog, 90-degree left turn	run, jump, walk
16_42	16	120	1.7	locomotion	0.0-1.7	20/75	3.5	91-109				run/jog, 90-degree left turn	run, jump, walk
16_43	16	120	1.7	locomotion	0.0-1.7	16/67	4.0	89-105				run/jog, 90-degree right turn	run, jump, walk
16_44	16	120	1.8	locomotion	0.0-1.8	17/63	3.7	93-108				run/jog, 90-degree right turn	run, jump, walk
16_45	16	120	1.1	locomotion	0.0-1.1	18/63	4.4	98-107				run/jog	run, jump, walk
16_46	16	120	1.1	locomotion	0.0-1.1	18/103	4.7	98-107				run/jog	run, jump, walk
16_47	16	120	3.5	locomotion	0.0-3.5	17/101	4.6	102-107				walk	run, jump, walk
16_48	16	120	1.1	locomotion	0.0-1.1	21/94	4.2	95-104				run, veer left	run, jump, walk
16_49	16	120	1.1	locomotion	0.0-1.1	15/61	4.2	94-103				run, veer right	run, jump, walk
16_50	16	120	1.1	locomotion	0.0-1.1	16/61	4.0	96-102				run, veer right	run, jump, walk
16_51	16	120	1.5	locomotion	0.0-1.5	20/82	4.0	91-102				run, 90-degree left turn	run, jump, walk
16_52	16	120	1.4	locomotion	0.0-1.4	22/78	3.7	90-102				run, 90-degree left turn	run, jump, walk
16_53	16	120	1.2	locomotion	0.0-1.2	16/61	3.3	92-102				run, 90-degree right turn	run, jump, walk
16_54	16	120	1.1	locomotion	0.0-1.1	15/56	3.1	89-101				run, 90-degree right turn	run, jump, walk
16_55	16	120	1.5	locomotion	0.0-1.5	18/99	4.5	93-102				run	run, jump, walk
16_56	16	120	1.4	locomotion	0.0-1.4	19/82	4.1	94-105				run/jog	run, jump, walk
16_57	16	120	2.2	locomotion	0.0-1.7	16/93	2.9	95-105				run/jog, sudden stop	run, jump, walk
16_58	16	120	2.8	locomotion	0.0-2.8	18/88	3.7	101-106				walk	run, jump, walk
17_01	17	120	52.5	locomotion	0.0-52.5	18/102	34.6	93-119				walk with anger, frustration	different walking styles
17_02	17	120	53.0	locomotion	0.0-53.0	22/161	32.3	96-117				walk with anger, frustration	different walking styles
17_03	17	120	52.9	locomotion	0.0-52.9	21/94	22.9	79-101				walk stealthily	different walking styles
17_04	17	120	53.2	locomotion	0.0-53.2	20/97	22.2	80-100				walk stealthily	different walking styles
17_05	17	120	52.8	locomotion	0.0-52.8	19/102	28.6	96-106				walk/hobble	different walking styles
17_06	17	120	51.7	locomotion	0.0-51.7	18/101	32.5	96-107				whistle, walk jauntily	different walking styles
17_07	17	120	53.5	locomotion	0.0-53.5	18/102	32.3	95-108				whistle, walk jauntily	different walking styles
17_08	17	120	51.5	locomotion	0.0-51.5	20/84	27.3	95-106				muscular, heavyset person's walk	different walking styles
17_09	17	120	50.7	locomotion	0.0-50.7	19/112	28.1	97-108				muscular, heavyset person's walk	different walking styles
17_10	17	120	23.2	combat	0.0-23.2	19/199	14.8	64-108				boxing	different walking styles
18_01	18	120	2.5	gesture and talk	0.0-2.5	14/65	1.1	106-107				walk, shake hands (2 subjects - subject A)	human interaction and communication (2 subjects - subject A
18_02	18	120	2.5	gesture and talk	0.0-2.5	12/60	1.1	105-108				walk, shake hands (2 subjects - subject A)	human interaction and communication (2 subjects - subject A
18_03	18	120	4.9	everyday	0.0-4.9	22/109	2.5	77-108				A pulls B; B resists (2 subjects - subject A)	human interaction and communication (2 subjects - subject A
18_04	18	120	3.4	everyday	0.0-3.4	21/74	2.1	90-106				A pulls B; B resists (2 subjects - subject A)	human interaction and communication (2 subjects - subject A
18_05	18	120	3.6	everyday	0.0-3.6	18/98	2.8	97-106				A pulls B by the elbow; B resists (2 subjects - subject A)	human interaction and communication (2 subjects - subject A
18_06	18	120	3.4	everyday	0.0-3.4	21/147	1.8	95-109				A pulls B by the elbow; B resists (2 subjects - subject A)	human interaction and communication (2 subjects - subject A
18_07	18	120	2.4	locomotion	0.0-2.4	19/81	2.2	95-102				navigate busy sidewalk; A leads the way, takes B by the arm (2 subjects - subject A)	human interaction and communication (2 subjects - subject A
18_08	18	120	17.4	gesture and talk	0.0-17.4	13/72	0.9	106-108				conversation - explain with hand gestures (2 subjects - subject A)	human interaction and communication (2 subjects - subject A
18_09	18	120	1.9	gesture and talk	0.0-1.9	12/81	1.7	104-108				conversation - explain with hand gestures, walk (2 subjects - subject A)	human interaction and communication (2 subjects - subject A
18_10	18	120	15.0	gesture and talk	0.0-15.0	17/77	5.7	98-106				quarrel - angry hand gestures (2 subjects - subject A)	human interaction and communication (2 subjects - subject A
18_11	18	120	15.9	gesture and talk	0.6-15.9	19/137	6.3	97-107				quarrel - angry hand gestures (2 subjects - subject A)	human interaction and communication (2 subjects - subject A
18_12	18	120	10.4	climb	0.1-10.4	15/115	0.5	58-61				friends meet, hang out; A sits, B joins A (2 subjects - subject A)	human interaction and communication (2 subjects - subject A
18_13	18	120	3.9	locomotion	0.0-3.6	20/118	3.1	49-104				run, scramble for last seat (2 subjects - subject A)	human interaction and communication (2 subjects - subject A
18_14	18	120	2.8	locomotion	0.0-2.5	22/165	0.9	58-100				run, scramble for last seat (2 subjects - subject A)	human interaction and communication (2 subjects - subject A
18_15	18	120	12.8	dance	0.0-12.8	20/101	2.1	67-105				chicken dance (2 subjects - subject A)	human interaction and communication (2 subjects - subject A
19_01	19	120	2.5	gesture and talk	0.0-2.5	11/54	1.4	102-107				walk, shake hands (2 subjects - subject B)	human interaction and communication (2 subjects - subject B
19_02	19	120	2.5	gesture and talk	0.0-2.5	10/49	1.4	103-107				walk, shake hands (2 subjects - subject B)	human interaction and communication (2 subjects - subject B
19_03	19	120	4.9	everyday	0.6-4.9	13/76	2.7	82-104				A pulls B; B resists (2 subjects - subject B)	human interaction and communication (2 subjects - subject B
19_04	19	120	3.4	everyday	0.0-3.4	10/43	2.2	97-105				A pulls B; B resists (2 subjects - subject B)	human interaction and communication (2 subjects - subject B
19_05	19	120	3.6	everyday	0.9-3.6	13/49	2.4	99-109				A pulls B by the elbow; B resists (2 subjects - subject B)	human interaction and communication (2 subjects - subject B
19_06	19	120	3.4	everyday	0.9-3.4	12/65	1.9	93-105				A pulls B by the elbow; B resists (2 subjects - subject B)	human interaction and communication (2 subjects - subject B
19_07	19	120	2.4	locomotion	0.0-2.4	11/50	2.6	98-104				navigate busy sidewalk; A leads the way, takes B by the arm (2 subjects - subject B)	human interaction and communication (2 subjects - subject B
19_08	19	120	17.4	gesture and talk	0.0-17.4	12/75	1.4	104-107				conversation - explain with hand gestures (2 subjects - subject B)	human interaction and communication (2 subjects - subject B
19_09	19	120	1.9	gesture and talk	0.0-1.9	14/55	1.7	106-109				conversation - explain with hand gestures, walk (2 subjects - subject B)	human interaction and communication (2 subjects - subject B
19_10	19	120	15.0	gesture and talk	0.0-15.0	11/118	6.2	100-109				quarrel - angry hand gestures (2 subjects - subject B)	human interaction and communication (2 subjects - subject B
19_11	19	120	15.9	gesture and talk	0.0-15.9	11/60	7.4	93-107				quarrel - angry hand gestures (2 subjects - subject B)	human interaction and communication (2 subjects - subject B
19_12	19	120	10.4	climb	0.0-10.4	12/77	3.2	56-108				friends meet, hang out; A sits, B joins A (2 subjects - subject B)	human interaction and communication (2 subjects - subject B
19_13	19	120	3.9	locomotion	0.0-3.5	20/80	2.4	57-95				run, scramble for last seat (2 subjects - subject B)	human interaction and communication (2 subjects - subject B
19_14	19	120	2.8	locomotion	0.0-2.8	33/290	2.0	69-105	loose			run, scramble for last seat (2 subjects - subject B)	human interaction and communication (2 subjects - subject B
19_15	19	120	12.8	dance	0.0-12.8	14/80	1.8	48-109				chicken dance (2 subjects - subject B)	human interaction and communication (2 subjects - subject B
20_01	20	120	10.7	dance	0.0-10.7	20/95	1.5	83-105				chicken dance (2 subjects - subject A)	human interaction - at play, formations (2 subjects - subject A
20_02	20	120	1.9	locomotion	0.0-1.9	13/70	2.3	103-108				link arms, walk (2 subjects - subject A)	human interaction - at play, formations (2 subjects - subject A
20_03	20	120	2.3	locomotion	0.0-2.3	17/76	2.4	102-109				link arms, walk (2 subjects - subject A)	human interaction - at play, formations (2 subjects - subject A
20_04	20	120	2.1	locomotion	0.0-2.1	16/73	2.2	102-108				synchronized walk (2 subjects - subject A)	human interaction - at play, formations (2 subjects - subject A
20_05	20	120	1.9	locomotion	0.0-1.9	16/71	2.3	101-107				synchronized walk (2 subjects - subject A)	human interaction - at play, formations (2 subjects - subject A
20_06	20	120	2.4	locomotion	0.0-2.4	17/75	2.4	102-108				soldiers march (2 subjects - subject A)	human interaction - at play, formations (2 subjects - subject A
20_07	20	120	2.0	locomotion	0.0-2.0	15/70	2.2	101-107				soldiers march (2 subjects - subject A)	human interaction - at play, formations (2 subjects - subject A
20_08	20	120	1.8	animal and character	0.0-1.8	15/63	1.7	101-106				zombie march (2 subjects - subject A)	human interaction - at play, formations (2 subjects - subject A
20_09	20	120	5.4	gesture and talk	0.0-5.4	20/101	6.0	85-113				nursery rhyme - ring around the rosey (2 subjects - subject A)	human interaction - at play, formations (2 subjects - subject A
20_10	20	120	4.3	locomotion	0.0-4.3	21/102	8.8	0-107				360-degree two-person whip (2 subjects - subject A)	human interaction - at play, formations (2 subjects - subject A
20_11	20	120	1.9	locomotion	0.0-1.9	17/79	1.8	103-108				high-five, walk (2 subjects - subject A)	human interaction - at play, formations (2 subjects - subject A
20_12	20	120	2.0	locomotion	0.0-2.0	15/72	2.3	103-109				low-five, walk (2 subjects - subject A)	human interaction - at play, formations (2 subjects - subject A
20_13	20	120	13.5	other	0.0-13.5	16/105	6.8	99-107				blind man's bluff (blindfold tag) (2 subjects - subject A)	human interaction - at play, formations (2 subjects - subject A
21_01	21	120	10.7	dance	0.0-10.7	13/104	1.7	69-108				chicken dance (2 subjects - subject B)	human interaction - at play, formations (2 subjects - subject B
21_02	21	120	1.9	locomotion	0.0-1.9	11/49	2.3	102-106				link arms, walk (2 subjects - subject B)	human interaction - at play, formations (2 subjects - subject B
21_03	21	120	2.3	locomotion	0.0-2.3	12/50	2.5	102-107				link arms, walk (2 subjects - subject B)	human interaction - at play, formations (2 subjects - subject B
21_04	21	120	2.1	locomotion	0.0-2.1	11/48	2.2	103-107				synchronized walk (2 subjects - subject B)	human interaction - at play, formations (2 subjects - subject B
21_05	21	120	1.9	locomotion	0.0-1.9	12/50	2.4	102-107				synchronized walk (2 subjects - subject B)	human interaction - at play, formations (2 subjects - subject B
21_06	21	120	2.4	locomotion	0.0-2.4	11/45	2.4	101-108				soldiers march (2 subjects - subject B)	human interaction - at play, formations (2 subjects - subject B
21_07	21	120	2.0	locomotion	0.0-2.0	10/61	2.3	101-107				soldiers march (2 subjects - subject B)	human interaction - at play, formations (2 subjects - subject B
21_08	21	120	1.8	animal and character	0.0-1.8	9/41	1.8	102-108				zombie march (2 subjects - subject B)	human interaction - at play, formations (2 subjects - subject B
21_09	21	120	5.4	gesture and talk	0.0-5.4	14/87	7.1	85-112				nursery rhyme - ring around the rosey (2 subjects - subject B)	human interaction - at play, formations (2 subjects - subject B
21_10	21	120	4.3	locomotion	0.0-4.3	12/48	6.0	96-104				360-degree two-person whip (2 subjects - subject B)	human interaction - at play, formations (2 subjects - subject B
21_11	21	120	1.9	locomotion	0.0-1.9	11/49	1.9	100-105				high-five, walk (2 subjects - subject B)	human interaction - at play, formations (2 subjects - subject B
21_12	21	120	2.0	locomotion	0.0-2.0	12/48	2.5	102-107				low-five, walk (2 subjects - subject B)	human interaction - at play, formations (2 subjects - subject B
21_13	21	120	13.5	other	0.8-13.5	14/197	12.8	76-105				blind man's bluff (blindfold tag) (2 subjects - subject B)	human interaction - at play, formations (2 subjects - subject B
22_01	22	120	6.5	sit and lie	0.0-6.5	15/55	3.7	100-107				B sits; A pulls up B (2 subjects - subject A)	human interaction (2 subjects - subject A
22_02	22	120	3.9	sit and lie	0.0-3.9	15/80	1.6	74-106				A sits; B pulls up A (2 subjects - subject A)	human interaction (2 subjects - subject A
22_03	22	120	6.8	sit and lie	0.0-6.8	15/83	0.3	74-79				A sits, holds face in hands; B kneels, comforts A (2 subjects - subject A)	human interaction (2 subjects - subject A
22_04	22	120	4.3	everyday	0.0-4.3	17/64	1.0	103-106				B comforts A, puts one hand on A's shoulder (2 subjects - subject A)	human interaction (2 subjects - subject A
22_05	22	120	4.4	everyday	0.0-4.4	27/141	1.4	102-106				A comforts B, puts both hands on B's shoulders (2 subjects - subject A)	human interaction (2 subjects - subject A
22_06	22	120	4.2	everyday	0.0-4.2	30/137	0.9	102-106				B comforts A, puts both hands on A's shoulders (2 subjects - subject A)	human interaction (2 subjects - subject A
22_07	22	120	2.5	everyday	0.0-2.5	14/69	0.4	103-106				A comforts B, puts one hand on B's shoulder (2 subjects - subject A)	human interaction (2 subjects - subject A
22_08	22	120	1.9	climb	0.0-1.9	17/74	2.0	97-104				hold hands, swing arms, walk (2 subjects - subject A)	human interaction (2 subjects - subject A
22_09	22	120	4.5	sit and lie	0.0-4.5	16/71	0.6	105-106				A gives B a shoulder rub; B sits, A stands (2 subjects - subject A)	human interaction (2 subjects - subject A
22_10	22	120	4.3	other	0.0-4.3	20/87	1.9	94-103				A shelters B, a younger child, from harm (2 subjects - subject A)	human interaction (2 subjects - subject A
22_11	22	120	4.5	other	0.0-4.5	21/90	2.1	85-102				B shelters A, a younger child, from harm (2 subjects - subject A)	human interaction (2 subjects - subject A
22_12	22	120	2.5	acrobatics	0.0-2.5	19/72	2.2	70-105				A stumbles into B (2 subjects - subject A)	human interaction (2 subjects - subject A
22_13	22	120	7.7	everyday	0.0-7.7	16/90	0.2	101-102				A passes soda to B; both drink (2 subjects - subject A)	human interaction (2 subjects - subject A
22_14	22	120	5.9	sit and lie	0.6-5.7	19/90	0.6	37-104				alternating squats (2 subjects - subject A)	human interaction (2 subjects - subject A
22_15	22	120	4.1	jump	0.3-2.4	18/62	0.3	81-116				alternating jumping jacks (2 subjects - subject A)	human interaction (2 subjects - subject A
22_16	22	120	3.6	jump	0.0-3.6	17/61	0.7	81-115				synchronized jumping jacks (2 subjects - subject A)	human interaction (2 subjects - subject A
22_17	22	120	6.9	combat	0.0-6.9	32/96	1.3	71-93	loose			rush up, arm wrestle (2 subjects - subject A)	human interaction (2 subjects - subject A
22_18	22	120	4.5	sit and lie	0.0-4.5	22/69	1.2	54-100				A stares down B, leans with hands on high stool (2 subjects - subject A)	human interaction (2 subjects - subject A
22_19	22	120	4.0	sit and lie	0.0-4.0	15/90	0.1	52-54				B stares down A, leans with hands on high stool (2 subjects - subject A)	human interaction (2 subjects - subject A
22_20	22	120	3.1	combat	0.0-3.1	25/119	1.4	52-94				violence - A picks up high stool, threatens to strike B (2 subjects - subject A)	human interaction (2 subjects - subject A
22_21	22	120	3.2	sit and lie	0.0-2.8	17/56	0.1	53-54				conversation - B pounds high stool, points at A (2 subjects - subject A)	human interaction (2 subjects - subject A
22_22	22	120	1.5	sports	0.0-1.5	15/48	1.1	102-106				walk; B catches keys thrown by A (2 subjects - subject A)	human interaction (2 subjects - subject A
22_23	22	120	1.8	sports	0.0-1.8	19/76	1.6	100-105				walk; A catches keys thrown by B (2 subjects - subject A)	human interaction (2 subjects - subject A
22_24	22	120	1.8	sports	0.0-1.8	16/52	1.7	101-106				walk; B catches wallet thrown by A (2 subjects - subject A)	human interaction (2 subjects - subject A
22_25	22	120	1.5	sports	0.0-1.5	19/64	1.5	97-104				walk; A catches wallet thrown by B (2 subjects - subject A)	human interaction (2 subjects - subject A
23_01	23	120	6.5	sit and lie	0.0-6.5	16/92	1.7	72-105				B sits; A pulls up B (subjects - subject B)	human interaction (2 subjects - subject B
23_02	23	120	3.9	sit and lie	0.0-3.9	11/40	2.3	101-106				A sits; B pulls up A (subjects - subject B)	human interaction (2 subjects - subject B
23_03	23	120	6.8	sit and lie	0.0-6.8	12/57	1.6	60-106				A sits, holds face in hands; B kneels, comforts A (2 subjects - subject B)	human interaction (2 subjects - subject B
23_04	23	120	4.3	everyday	0.0-4.3	14/58	1.6	102-105				B comforts A, puts one hand on A's shoulder (2 subjects - subject B)	human interaction (2 subjects - subject B
23_05	23	120	4.4	everyday	0.0-4.4	14/62	1.2	99-101				A comforts B, puts both hands on B's shoulders (2 subjects - subject B)	human interaction (2 subjects - subject B
23_06	23	120	4.2	everyday	0.0-4.2	13/57	1.0	102-105				B comforts A, puts both hands on A's shoulders (2 subjects - subject B)	human interaction (2 subjects - subject B
23_07	23	120	2.5	everyday	0.0-2.5	13/50	0.3	103-104				A comforts B, puts one hand on B's shoulder (2 subjects - subject B)	human interaction (2 subjects - subject B
23_08	23	120	1.9	climb	0.0-1.9	13/65	2.1	101-107				hold hands, swing arms, walk (2 subjects - subject B)	human interaction (2 subjects - subject B
23_09	23	120	4.5	sit and lie	0.0-4.5	14/62	0.2	75-77				A gives B a shoulder rub; B sits, A stands (subjects - subject B)	human interaction (2 subjects - subject B
23_10	23	120	4.3	other	0.0-4.3	11/47	2.1	93-106				A shelters B, a younger child, from harm (2 subjects - subject B)	human interaction (2 subjects - subject B
23_11	23	120	4.5	other	0.0-4.5	15/66	1.7	85-104				B shelters A, a younger child, from harm (2 subjects - subject B)	human interaction (2 subjects - subject B
23_12	23	120	2.5	acrobatics	0.0-2.5	10/56	2.5	96-107				A stumbles into B (2 subjects - subject B)	human interaction (2 subjects - subject B
23_13	23	120	7.7	everyday	0.0-7.7	13/68	0.4	106-107				A passes soda to B; both drink (2 subjects - subject B)	human interaction (2 subjects - subject B
23_14	23	120	5.9	sit and lie	0.0-5.9	16/62	0.5	39-106				alternating squats (2 subjects - subject B)	human interaction (2 subjects - subject B
23_15	23	120	4.1	jump	0.0-4.1	12/72	0.7	84-122				alternating jumping jacks (2 subjects - subject B)	human interaction (2 subjects - subject B
23_16	23	120	3.6	jump	0.0-3.6	12/48	0.7	86-119				synchronized jumping jacks (2 subjects - subject B)	human interaction (2 subjects - subject B
23_17	23	120	6.9	combat	0.0-6.9	22/121	1.6	70-100				rush up, arm wrestle (2 subjects - subject B)	human interaction (2 subjects - subject B
23_18	23	120	4.5	sit and lie	0.3-4.5	15/61	0.2	56-60				A stares down B, leans with hands on high stool (2 subjects - subject B)	human interaction (2 subjects - subject B
23_19	23	120	4.0	sit and lie	0.3-4.0	16/61	1.0	59-100				B stares down A, leans with hands on high stool (2 subjects - subject B)	human interaction (2 subjects - subject B
23_20	23	120	3.1	combat	0.0-3.1	16/85	0.4	59-64				violence - A picks up high stool, threatens to strike B (2 subjects - subject B)	human interaction (2 subjects - subject B
23_21	23	120	3.2	sit and lie	0.0-2.7	14/45	0.1	59-61				conversation - B pounds high stool, points at A (2 subjects - subject B)	human interaction (2 subjects - subject B
23_22	23	120	1.5	sports	0.0-1.5	10/48	1.3	102-106				walk; B catches keys thrown by A (2 subjects - subject B)	human interaction (2 subjects - subject B
23_23	23	120	1.8	sports	0.0-1.8	11/65	1.9	104-109				walk; A catches keys thrown by B (2 subjects - subject B)	human interaction (2 subjects - subject B
23_24	23	120	1.8	sports	0.0-1.8	12/68	1.9	98-107				walk; B catches wallet thrown by A (2 subjects - subject B)	human interaction (2 subjects - subject B
23_25	23	120	1.5	sports	0.0-1.5	11/67	1.4	103-107				walk; A catches wallet thrown by B (2 subjects - subject B)	human interaction (2 subjects - subject B
24_01	24	120	17.3	animal and character	0.0-17.3	27/194	0.5	107-109				nursery rhyme - "I'm a little teapot..."	nursery rhymes
25_01	25	120	13.5	animal and character	1.0-13.5	14/87	0.7	100-105				nursery rhyme - "I'm a little teapot..."	nursery rhymes
26_01	26	120	6.9	locomotion	0.0-6.9	11/48	4.1	100-104				walk	nursery rhymes, basketball, bending
26_02	26	120	50.5	sports	1.5-50.5	12/83	1.5	105-105				basketball signals	nursery rhymes, basketball, bending
26_03	26	120	18.7	animal and character	0.0-18.2	13/76	0.8	104-105				nursery rhyme - "I'm a little teapot..."	nursery rhymes, basketball, bending
26_04	26	120	18.0	animal and character	0.2-18.0	13/77	0.7	104-105				nursery rhyme - "I'm a little teapot..."	nursery rhymes, basketball, bending
26_05	26	120	30.3	sports	0.0-30.0	15/87	1.4	99-106				Alaska vacation	nursery rhymes, basketball, bending
26_06	26	120	30.0	sports	0.0-29.4	15/84	1.1	105-105				Alaska vacation	nursery rhymes, basketball, bending
26_07	26	120	64.6	gesture and talk	0.0-64.6	14/91	2.7	103-105				nursery rhyme - Cock Robin	nursery rhymes, basketball, bending
26_08	26	120	63.9	gesture and talk	0.1-63.9	14/90	2.5	104-105				nursery rhyme - Cock Robin	nursery rhymes, basketball, bending
26_09	26	120	6.2	everyday	0.2-6.2	13/67	0.4	53-105				bend, pick up	nursery rhymes, basketball, bending
26_10	26	120	5.8	everyday	0.3-5.1	16/122	0.5	64-105				bend, lift	nursery rhymes, basketball, bending
26_11	26	120	4.6	everyday	0.2-4.6	13/90	0.5	94-105	inverted			bend, lift	nursery rhymes, basketball, bending
27_01	27	120	8.6	locomotion	0.0-8.6	13/79	3.9	101-104				walk	recreation, nursery rhymes
27_02	27	120	29.7	sports	0.6-29.7	12/77	0.5	104-104				basketball signals	recreation, nursery rhymes
27_03	27	120	17.9	animal and character	0.0-17.0	19/73	0.5	102-104				nursery rhyme - "I'm a little teapot..."	recreation, nursery rhymes
27_04	27	120	30.4	gesture and talk	0.0-29.9	16/108	2.1	101-104				Alaskan vacation	recreation, nursery rhymes
27_05	27	120	64.3	gesture and talk	0.0-61.0	18/124	5.3	90-104				nursery rhyme - Cock Robin	recreation, nursery rhymes
27_06	27	120	23.9	sports	0.2-23.9	14/89	0.4	104-104				basketball signals	recreation, nursery rhymes
27_07	27	120	14.9	animal and character	0.0-14.9	18/72	0.6	101-105				nursery rhyme - "I'm a little teapot..."	recreation, nursery rhymes
27_08	27	120	29.3	gesture and talk	0.0-29.3	14/74	1.7	101-104				Alaskan vacation	recreation, nursery rhymes
27_09	27	120	31.5	gesture and talk	1.7-30.8	15/84	1.8	98-105				Alaskan vacation	recreation, nursery rhymes
27_10	27	120	65.0	gesture and talk	0.0-63.2	17/129	4.5	96-104				nursery rhyme - Cock Robin	recreation, nursery rhymes
27_11	27	120	16.1	animal and character	0.0-16.1	19/131	0.9	104-108	inverted			prairie dog (human subject)	recreation, nursery rhymes
28_01	28	120	26.7	sports	0.2-26.4	11/74	0.6	0-105				basketball signals	recreation, nursery rhymes, animal behaviors (pantomime - human subject
28_02	28	120	17.8	animal and character	0.5-17.8	13/75	0.8	103-106				nursery rhyme - "I'm a little teapot..."	recreation, nursery rhymes, animal behaviors (pantomime - human subject
28_03	28	120	31.4	animal and character	0.5-31.4	13/90	2.8	104-106				Alaskan vacation	recreation, nursery rhymes, animal behaviors (pantomime - human subject
28_04	28	120	65.8	gesture and talk	0.0-65.1	14/98	4.8	98-106	inverted			nursery rhyme - Cock Robin	recreation, nursery rhymes, animal behaviors (pantomime - human subject
28_05	28	120	27.0	sports	0.8-26.8	12/58	0.6	105-106				basketball signals	recreation, nursery rhymes, animal behaviors (pantomime - human subject
28_06	28	120	18.4	animal and character	0.0-18.4	12/73	0.9	103-105				nursery rhyme - "I'm a little teapot..."	recreation, nursery rhymes, animal behaviors (pantomime - human subject
28_07	28	120	30.5	animal and character	0.3-30.3	14/93	3.2	103-106				Alaskan vacation	recreation, nursery rhymes, animal behaviors (pantomime - human subject
28_08	28	120	66.2	gesture and talk	0.2-66.2	15/113	4.1	104-106				nursery rhyme - Cock Robin	recreation, nursery rhymes, animal behaviors (pantomime - human subject
28_09	28	120	14.3	animal and character	0.0-14.3	24/116	2.6	72-106				prairie dog (human subject)	recreation, nursery rhymes, animal behaviors (pantomime - human subject
28_10	28	120	17.3	animal and character	0.0-17.3	28/231	2.4	84-117	inverted			whale (human subject)	recreation, nursery rhymes, animal behaviors (pantomime - human subject
28_11	28	120	55.1	animal and character	0.0-55.1	33/247	4.8	98-107	loose			bear (human subject)	recreation, nursery rhymes, animal behaviors (pantomime - human subject
28_12	28	120	42.9	animal and character	0.0-42.9	12/85	2.0	104-106				dog (human subject)	recreation, nursery rhymes, animal behaviors (pantomime - human subject
28_13	28	120	49.1	animal and character	0.0-49.1	19/101	4.6	98-107				snake (human subject)	recreation, nursery rhymes, animal behaviors (pantomime - human subject
28_14	28	120	31.2	animal and character	0.0-31.2	20/92	1.2	102-105				chicken (human subject)	recreation, nursery rhymes, animal behaviors (pantomime - human subject
28_15	28	120	28.7	animal and character	0.0-28.7	24/126	3.6	90-105				monkey (human subject)	recreation, nursery rhymes, animal behaviors (pantomime - human subject
28_16	28	120	46.7	animal and character	0.0-46.7	12/80	3.1	104-107				mouse (human subject)	recreation, nursery rhymes, animal behaviors (pantomime - human subject
28_17	28	120	44.5	animal and character	0.0-44.5	14/71	1.0	105-106				cat (human subject)	recreation, nursery rhymes, animal behaviors (pantomime - human subject
28_18	28	120	35.4	animal and character	0.0-35.4	16/96	3.3	100-105				elephant (human subject)	recreation, nursery rhymes, animal behaviors (pantomime - human subject
28_19	28	120	37.7	animal and character	0.0-37.7	17/97	6.1	100-106				dinosaur (human subject)	recreation, nursery rhymes, animal behaviors (pantomime - human subject
29_01	29	120	11.0	locomotion	0.6-11.0	9/37	4.7	101-103				walk	recreation, nursery rhymes, animal behaviors (pantomime - human subject
29_02	29	120	26.0	sports	0.8-24.5	9/47	0.8	101-104				basketball signals	recreation, nursery rhymes, animal behaviors (pantomime - human subject
29_03	29	120	18.8	animal and character	1.5-17.5	12/65	0.9	94-104				nursery rhyme - "I'm a little teapot..."	recreation, nursery rhymes, animal behaviors (pantomime - human subject
29_04	29	120	31.9	animal and character	0.4-31.9	9/68	2.1	97-104				Alaskan vacation	recreation, nursery rhymes, animal behaviors (pantomime - human subject
29_05	29	120	31.0	animal and character	0.1-31.0	9/77	1.7	98-104				Alaskan vacation	recreation, nursery rhymes, animal behaviors (pantomime - human subject
29_06	29	120	67.0	gesture and talk	0.0-67.0	11/89	5.1	91-105				nursery rhyme - Cock Robin	recreation, nursery rhymes, animal behaviors (pantomime - human subject
29_07	29	120	26.2	sports	0.0-25.5	9/43	0.8	99-104				basketball signals	recreation, nursery rhymes, animal behaviors (pantomime - human subject
29_08	29	120	19.0	animal and character	1.6-17.6	15/64	1.0	95-105				nursery rhyme - "I'm a little teapot..."	recreation, nursery rhymes, animal behaviors (pantomime - human subject
29_09	29	120	31.1	animal and character	0.0-31.1	9/60	1.4	98-105				Alaskan vacation	recreation, nursery rhymes, animal behaviors (pantomime - human subject
29_10	29	120	66.3	gesture and talk	0.0-66.3	11/89	3.8	94-105				nursery rhyme - Cock Robin	recreation, nursery rhymes, animal behaviors (pantomime - human subject
29_11	29	120	31.0	animal and character	0.3-31.0	12/68	2.7	94-105				Alaskan vacation	recreation, nursery rhymes, animal behaviors (pantomime - human subject
29_12	29	120	125.2	animal and character	1.0-125.2	12/92	11.0	87-107				Alaskan vacation	recreation, nursery rhymes, animal behaviors (pantomime - human subject
29_13	29	120	122.2	animal and character	0.0-122.2	11/93	12.0	92-106				Alaskan vacation	recreation, nursery rhymes, animal behaviors (pantomime - human subject
29_14	29	120	28.1	animal and character	0.5-28.1	11/64	2.3	94-105				prairie dog (human subject)	recreation, nursery rhymes, animal behaviors (pantomime - human subject
29_15	29	120	36.9	animal and character	0.0-36.9	10/94	5.2	92-105				whale (human subject)	recreation, nursery rhymes, animal behaviors (pantomime - human subject
29_16	29	120	36.9	animal and character	0.0-36.7	10/60	3.3	93-105				bear (human subject)	recreation, nursery rhymes, animal behaviors (pantomime - human subject
29_17	29	120	35.9	animal and character	0.2-35.8	12/68	2.7	95-105				dog (human subject)	recreation, nursery rhymes, animal behaviors (pantomime - human subject
29_18	29	120	49.7	animal and character	0.7-49.7	14/97	2.7	99-104				cat (human subject)	recreation, nursery rhymes, animal behaviors (pantomime - human subject
29_19	29	120	29.7	everyday	0.0-29.7	12/67	3.8	94-106				fish (human subject)	recreation, nursery rhymes, animal behaviors (pantomime - human subject
29_20	29	120	31.1	animal and character	0.0-31.1	12/149	4.3	93-105				elephant (human subject)	recreation, nursery rhymes, animal behaviors (pantomime - human subject
29_21	29	120	33.3	animal and character	0.2-33.3	13/71	2.3	95-105				mouse (human subject)	recreation, nursery rhymes, animal behaviors (pantomime - human subject
29_22	29	120	27.2	animal and character	0.1-27.2	13/70	1.0	93-104		Chicken		chicken (human subject)	recreation, nursery rhymes, animal behaviors (pantomime - human subject
29_23	29	120	38.2	animal and character	0.0-38.2	11/73	4.6	94-106				dinosaur (human subject)	recreation, nursery rhymes, animal behaviors (pantomime - human subject
29_24	29	120	35.4	animal and character	0.4-35.4	12/69	5.5	96-105				snake (human subject)	recreation, nursery rhymes, animal behaviors (pantomime - human subject
29_25	29	120	37.0	animal and character	0.6-37.0	11/120	2.9	94-105				monkey (human subject)	recreation, nursery rhymes, animal behaviors (pantomime - human subject
30_01	30	120	26.9	sports	0.0-25.5	12/69	0.6	105-106				basketball signals	recreation, nursery rhymes, animal behaviors (pantomime - human subject
30_02	30	120	19.8	animal and character	1.2-16.8	13/80	1.0	93-106				nursery rhyme - "I'm a little teapot..."	recreation, nursery rhymes, animal behaviors (pantomime - human subject
30_03	30	120	34.8	animal and character	0.5-34.8	13/87	5.0	94-106				Alaskan vacation	recreation, nursery rhymes, animal behaviors (pantomime - human subject
30_04	30	120	30.8	animal and character	0.0-29.5	13/93	3.6	94-106				Alaskan vacation	recreation, nursery rhymes, animal behaviors (pantomime - human subject
30_05	30	120	8.0	gesture and talk	0.0-7.8	16/108	0.6	97-106				nursery rhyme - Cock Robin	recreation, nursery rhymes, animal behaviors (pantomime - human subject
30_06	30	120	67.0	gesture and talk	0.7-67.0	17/266	7.6	89-105				nursery rhyme - Cock Robin	recreation, nursery rhymes, animal behaviors (pantomime - human subject
30_07	30	120	26.3	sports	1.5-25.0	14/75	0.5	105-106				basketball signals	recreation, nursery rhymes, animal behaviors (pantomime - human subject
30_08	30	120	18.3	animal and character	0.7-17.3	14/86	1.1	94-105				nursery rhyme - "I'm a little teapot..."	recreation, nursery rhymes, animal behaviors (pantomime - human subject
30_09	30	120	31.3	animal and character	0.9-31.3	13/84	2.5	96-106				Alaskan vacation	recreation, nursery rhymes, animal behaviors (pantomime - human subject
30_10	30	120	66.4	gesture and talk	0.0-65.7	16/246	6.0	92-106				nursery rhyme - Cock Robin	recreation, nursery rhymes, animal behaviors (pantomime - human subject
30_11	30	120	124.2	animal and character	2.9-124.2	13/110	11.7	93-106				Alaskan vacation	recreation, nursery rhymes, animal behaviors (pantomime - human subject
30_12	30	120	123.0	animal and character	0.8-118.8	14/113	10.9	96-106				Alaskan vacation	recreation, nursery rhymes, animal behaviors (pantomime - human subject
30_13	30	120	16.4	animal and character	0.6-16.4	16/114	0.9	98-105				prairie dog (human subject)	recreation, nursery rhymes, animal behaviors (pantomime - human subject
30_14	30	120	21.5	animal and character	0.0-21.5	19/66	1.7	88-105				whale (human subject)	recreation, nursery rhymes, animal behaviors (pantomime - human subject
30_15	30	120	26.8	animal and character	0.0-26.8	17/122	2.5	96-105				bear (human subject)	recreation, nursery rhymes, animal behaviors (pantomime - human subject
30_16	30	120	30.2	animal and character	0.0-30.2	23/137	4.1	85-109				dog (human subject)	recreation, nursery rhymes, animal behaviors (pantomime - human subject
30_17	30	120	24.2	animal and character	0.0-24.1	22/149	1.8	101-105				cat (human subject)	recreation, nursery rhymes, animal behaviors (pantomime - human subject
30_18	30	120	29.7	animal and character	0.0-29.7	21/187	2.5	101-105				elephant (human subject)	recreation, nursery rhymes, animal behaviors (pantomime - human subject
30_19	30	120	34.1	animal and character	0.0-34.1	15/100	2.2	95-105				mouse (human subject)	recreation, nursery rhymes, animal behaviors (pantomime - human subject
30_20	30	120	28.5	animal and character	0.0-28.5	17/105	1.9	95-105				chicken (human subject)	recreation, nursery rhymes, animal behaviors (pantomime - human subject
30_21	30	120	34.0	animal and character	0.5-34.0	17/110	2.6	100-105				snake (human subject)	recreation, nursery rhymes, animal behaviors (pantomime - human subject
30_22	30	120	27.4	animal and character	0.2-27.4	15/118	3.0	97-105				Tyrannosaurus rex (human subject)	recreation, nursery rhymes, animal behaviors (pantomime - human subject
30_23	30	120	32.7	animal and character	0.0-32.7	15/104	2.6	91-105				monkey (human subject)	recreation, nursery rhymes, animal behaviors (pantomime - human subject
31_01	31	120	33.0	sports	0.0-33.0	7/48	0.8	106-106				basketball signals	recreation, nursery rhymes, animal behaviors (pantomime - human subject
31_02	31	120	18.9	animal and character	0.0-18.5	15/58	1.0	86-106				nursery rhyme - "I'm a little teapot..."	recreation, nursery rhymes, animal behaviors (pantomime - human subject
31_03	31	120	30.8	animal and character	0.7-29.1	18/132	3.0	84-106				Alaskan vacation	recreation, nursery rhymes, animal behaviors (pantomime - human subject
31_04	31	120	59.9	gesture and talk	0.0-59.9	29/217	6.1	69-106	inverted			nursery rhyme - Cock Robin	recreation, nursery rhymes, animal behaviors (pantomime - human subject
31_05	31	120	26.5	sports	0.0-26.5	8/45	0.7	106-106				basketball signals	recreation, nursery rhymes, animal behaviors (pantomime - human subject
31_06	31	120	17.6	animal and character	0.0-17.6	12/54	0.8	89-106				nursery rhyme - "I'm a little teapot..."	recreation, nursery rhymes, animal behaviors (pantomime - human subject
31_07	31	120	30.8	animal and character	0.0-30.8	17/101	2.0	90-106				Alaskan vacation	recreation, nursery rhymes, animal behaviors (pantomime - human subject
31_08	31	120	65.5	gesture and talk	0.0-65.5	13/140	4.5	82-106				nursery rhyme - Cock Robin	recreation, nursery rhymes, animal behaviors (pantomime - human subject
31_09	31	120	122.1	animal and character	2.9-122.1	15/86	7.7	89-106				Alaskan vacation	recreation, nursery rhymes, animal behaviors (pantomime - human subject
31_10	31	120	113.8	animal and character	0.0-113.7	14/110	7.5	86-106				Alaskan vacation	recreation, nursery rhymes, animal behaviors (pantomime - human subject
31_11	31	120	32.3	animal and character	0.0-32.3	15/92	1.5	78-106				prairie dog (human subject)	recreation, nursery rhymes, animal behaviors (pantomime - human subject
31_12	31	120	35.4	animal and character	0.0-35.4	21/76	2.3	103-106				whale (human subject)	recreation, nursery rhymes, animal behaviors (pantomime - human subject
31_13	31	120	32.4	animal and character	0.0-32.2	17/114	1.8	77-107				bear (human subject)	recreation, nursery rhymes, animal behaviors (pantomime - human subject
31_14	31	120	31.6	animal and character	0.7-31.6	30/92	0.8	104-106				dog (human subject)	recreation, nursery rhymes, animal behaviors (pantomime - human subject
31_15	31	120	30.9	animal and character	0.0-30.9	14/70	0.8	94-106				cat (human subject)	recreation, nursery rhymes, animal behaviors (pantomime - human subject
31_16	31	120	32.6	animal and character	0.1-32.6	16/94	0.9	99-104				elephant (human subject)	recreation, nursery rhymes, animal behaviors (pantomime - human subject
31_17	31	120	33.3	animal and character	0.6-33.3	21/100	3.0	100-107				Tyrannosaurus rex (human subject)	recreation, nursery rhymes, animal behaviors (pantomime - human subject
31_18	31	120	35.3	animal and character	0.0-35.3	18/78	2.2	93-106	inverted			mouse (human subject)	recreation, nursery rhymes, animal behaviors (pantomime - human subject
31_19	31	120	33.3	animal and character	0.0-33.3	18/94	3.1	92-101				chicken (human subject)	recreation, nursery rhymes, animal behaviors (pantomime - human subject
31_20	31	120	32.9	animal and character	0.0-32.8	18/76	0.8	98-106				snake (human subject)	recreation, nursery rhymes, animal behaviors (pantomime - human subject
31_21	31	120	34.0	animal and character	0.0-34.0	14/92	2.6	93-102				monkey (human subject)	recreation, nursery rhymes, animal behaviors (pantomime - human subject
32_01	32	120	4.0	locomotion	0.0-4.0	15/79	2.5	101-104				walk	recreation, nursery rhymes, animal behaviors (pantomime - human subject
32_02	32	120	3.6	locomotion	0.1-3.6	16/78	2.6	100-103				walk	recreation, nursery rhymes, animal behaviors (pantomime - human subject
32_03	32	120	27.0	sports	0.0-27.0	18/69	0.7	104-105				basketball signals	recreation, nursery rhymes, animal behaviors (pantomime - human subject
32_04	32	120	19.2	animal and character	1.2-19.2	22/92	1.8	75-106				nursery rhyme - "I'm a little teapot..."	recreation, nursery rhymes, animal behaviors (pantomime - human subject
32_05	32	120	30.4	animal and character	1.0-29.9	23/113	4.3	88-107				Alaskan vacation	recreation, nursery rhymes, animal behaviors (pantomime - human subject
32_06	32	120	65.4	gesture and talk	0.6-65.4	23/115	6.0	86-106				nursery rhyme - Cock Robin	recreation, nursery rhymes, animal behaviors (pantomime - human subject
32_07	32	120	26.0	sports	0.0-25.8	21/87	0.6	102-105				basketball signals	recreation, nursery rhymes, animal behaviors (pantomime - human subject
32_08	32	120	18.7	animal and character	0.0-18.7	20/84	0.9	99-106				nursery rhyme - "I'm a little teapot..."	recreation, nursery rhymes, animal behaviors (pantomime - human subject
32_09	32	120	31.1	animal and character	1.3-31.1	22/111	1.9	95-107				Alaskan vacation	recreation, nursery rhymes, animal behaviors (pantomime - human subject
32_10	32	120	66.2	gesture and talk	0.4-66.2	21/109	4.3	86-106				nursery rhyme - Cock Robin	recreation, nursery rhymes, animal behaviors (pantomime - human subject
32_11	32	120	122.4	animal and character	0.5-119.1	21/112	7.8	89-107				Alaskan vacation	recreation, nursery rhymes, animal behaviors (pantomime - human subject
32_12	32	120	122.5	animal and character	0.3-121.8	22/113	9.2	84-106				Alaskan vacation	recreation, nursery rhymes, animal behaviors (pantomime - human subject
32_13	32	120	26.9	animal and character	0.6-26.9	15/128	1.5	89-106				prairie dog (human subject)	recreation, nursery rhymes, animal behaviors (pantomime - human subject
32_14	32	120	22.2	animal and character	0.8-22.2	18/105	1.8	96-105				bear (human subject)	recreation, nursery rhymes, animal behaviors (pantomime - human subject
32_15	32	120	30.2	animal and character	2.1-30.2	15/78	1.4	90-105				dog (human subject)	recreation, nursery rhymes, animal behaviors (pantomime - human subject
32_16	32	120	36.6	animal and character	0.0-36.6	16/111	1.5	95-105				cat (human subject)	recreation, nursery rhymes, animal behaviors (pantomime - human subject
32_17	32	120	27.6	animal and character	1.1-27.6	16/143	2.9	96-105				elephant (human subject)	recreation, nursery rhymes, animal behaviors (pantomime - human subject
32_18	32	120	25.3	animal and character	0.4-25.3	13/68	1.0	94-105				mouse (human subject)	recreation, nursery rhymes, animal behaviors (pantomime - human subject
32_19	32	120	19.3	animal and character	0.0-19.3	26/122	1.4	94-105				chicken (human subject)	recreation, nursery rhymes, animal behaviors (pantomime - human subject
32_20	32	120	29.6	animal and character	1.4-29.6	18/86	3.1	94-106				Tyrannosaurus rex (human subject)	recreation, nursery rhymes, animal behaviors (pantomime - human subject
32_21	32	120	17.0	animal and character	0.0-17.0	23/106	3.3	96-106				snake (human subject)	recreation, nursery rhymes, animal behaviors (pantomime - human subject
32_22	32	120	23.7	animal and character	1.2-23.7	17/103	2.0	87-105				monkey (human subject)	recreation, nursery rhymes, animal behaviors (pantomime - human subject
33_01	33	60	45.1	sports	0.1-45.1	16/172	10.4	83-104				football - throw, catch (2 subjects - subject A)	throw and catch football (2 subjects - subject A
33_02	33	60	21.4	jump	0.0-21.4	20/143	16.7	93-112				football - throw, catch, jump around (2 subjects - subject A)	throw and catch football (2 subjects - subject A
34_01	34	60	45.1	sports	0.0-45.1	18/180	5.1	85-107				football - throw, catch (2 subjects - subject B)	throw and catch football (2 subjects - subject B
34_02	34	60	21.4	jump	0.0-21.4	24/156	10.3	89-108				football - throw, catch, jump around (2 subjects - subject B)	throw and catch football (2 subjects - subject B
35_01	35	120	3.0	locomotion	0.0-3.0	17/94	3.8	99-103				walk	walk, run
35_02	35	120	3.4	locomotion	0.0-3.4	17/94	4.2	100-104				walk	walk, run
35_03	35	120	3.6	locomotion	0.0-3.6	17/97	4.5	99-103				walk	walk, run
35_04	35	120	3.6	locomotion	0.0-3.6	18/97	4.4	99-104				walk	walk, run
35_05	35	120	3.6	locomotion	0.0-3.6	17/89	4.4	100-104				walk	walk, run
35_06	35	120	3.6	locomotion	0.0-3.6	17/97	4.4	99-103				walk	walk, run
35_07	35	120	3.0	locomotion	0.0-3.0	17/103	3.8	100-103				walk	walk, run
35_08	35	120	3.8	locomotion	0.0-3.8	18/99	4.6	100-104				walk	walk, run
35_09	35	120	3.2	locomotion	0.0-3.2	18/95	3.9	100-104				walk	walk, run
35_10	35	120	3.6	locomotion	0.0-3.6	17/91	4.3	100-104				walk	walk, run
35_11	35	120	3.2	locomotion	0.0-3.2	18/100	3.8	100-103				walk	walk, run
35_12	35	120	3.3	locomotion	0.0-3.3	19/97	3.9	100-103				walk	walk, run
35_13	35	120	3.8	locomotion	0.0-3.8	18/105	4.5	100-104				walk	walk, run
35_14	35	120	3.4	locomotion	0.0-3.4	17/97	4.2	100-104				walk	walk, run
35_15	35	120	3.4	locomotion	0.0-3.4	17/99	4.1	100-103				walk	walk, run
35_16	35	120	3.7	locomotion	0.0-3.7	17/99	4.4	100-104				walk	walk, run
35_17	35	120	1.4	locomotion	0.0-1.4	18/73	4.4	95-106				run/jog	walk, run
35_18	35	120	1.5	locomotion	0.0-1.5	17/67	4.6	95-105				run/jog	walk, run
35_19	35	120	1.3	locomotion	0.0-1.3	18/72	4.4	96-106				run/jog	walk, run
35_20	35	120	1.4	locomotion	0.0-1.4	18/61	4.6	96-106				run/jog	walk, run
35_21	35	120	1.3	locomotion	0.0-1.3	20/73	4.8	95-108				run/jog	walk, run
35_22	35	120	1.4	locomotion	0.0-1.4	18/77	4.6	95-107				run/jog	walk, run
35_23	35	120	1.3	locomotion	0.0-1.3	19/81	4.5	97-108				run/jog	walk, run
35_24	35	120	1.2	locomotion	0.0-1.2	18/69	4.3	96-106				run/jog	walk, run
35_25	35	120	1.4	locomotion	0.0-1.4	19/61	4.6	96-107				run/jog	walk, run
35_26	35	120	1.1	locomotion	0.0-1.1	19/75	4.0	98-107				run/jog	walk, run
35_27	35	120	81.7	locomotion	0.0-81.7	16/102	37.8	86-105				navigate around obstacles	walk, run
35_28	35	120	3.5	locomotion	0.0-3.5	16/98	4.1	101-104				walk	walk, run
35_29	35	120	4.1	locomotion	0.0-4.1	15/95	4.5	101-104				walk	walk, run
35_30	35	120	3.4	locomotion	0.0-3.4	17/102	4.1	100-103				walk	walk, run
35_31	35	120	3.5	locomotion	0.0-3.5	16/106	4.2	100-104				walk	walk, run
35_32	35	120	3.3	locomotion	0.0-3.3	17/97	4.1	99-103				walk	walk, run
35_33	35	120	3.5	locomotion	0.0-3.5	17/97	4.5	98-103				walk	walk, run
35_34	35	120	3.5	locomotion	0.0-3.5	17/93	4.4	99-104				walk	walk, run
36_01	36	120	4.6	locomotion	0.0-4.6	17/100	4.0	99-137				walk on uneven terrain	walk on uneven terrain
36_02	36	120	35.6	locomotion	0.0-35.6	15/105	15.8	99-105				walk forward, turn around, walk back	walk on uneven terrain
36_03	36	120	32.1	locomotion	0.0-32.1	15/102	13.5	99-104				walk forward, turn around, walk back	walk on uneven terrain
36_04	36	120	31.0	locomotion	0.0-31.0	15/103	11.1	96-142				walk on uneven terrain	walk on uneven terrain
36_05	36	120	35.0	locomotion	0.4-35.0	15/107	13.9	99-143				walk on uneven terrain	walk on uneven terrain
36_06	36	120	32.5	locomotion	0.0-32.5	15/103	13.3	100-143				walk on uneven terrain	walk on uneven terrain
36_07	36	120	31.4	locomotion	0.0-31.4	15/102	13.1	101-141				walk on uneven terrain	walk on uneven terrain
36_08	36	120	30.9	locomotion	0.0-30.9	15/102	11.2	101-143	floats			walk on uneven terrain	walk on uneven terrain
36_09	36	120	32.4	locomotion	0.2-32.4	14/106	13.3	100-107				walk forward, turn around, walk back	walk on uneven terrain
36_10	36	120	31.9	locomotion	0.0-31.9	15/106	12.3	101-143				walk on uneven terrain	walk on uneven terrain
36_11	36	120	34.7	locomotion	0.0-34.7	15/105	14.4	99-143				walk on uneven terrain	walk on uneven terrain
36_12	36	120	38.2	locomotion	0.0-38.2	15/106	16.7	100-142				walk on uneven terrain	walk on uneven terrain
36_13	36	120	35.4	locomotion	0.0-35.4	15/104	16.0	98-141				walk on uneven terrain	walk on uneven terrain
36_14	36	120	34.5	locomotion	0.0-34.5	15/103	16.0	99-143				walk on uneven terrain	walk on uneven terrain
36_15	36	120	34.7	locomotion	0.0-34.7	16/101	16.9	99-143				walk on uneven terrain	walk on uneven terrain
36_16	36	120	36.6	locomotion	0.0-36.6	16/102	16.2	99-143				walk on uneven terrain	walk on uneven terrain
36_17	36	120	36.3	locomotion	0.1-36.3	15/106	14.1	98-143				walk on uneven terrain	walk on uneven terrain
36_18	36	120	35.9	locomotion	0.0-35.9	15/103	15.6	100-142				walk on uneven terrain	walk on uneven terrain
36_19	36	120	34.9	locomotion	0.0-34.9	15/99	16.9	100-143				walk on uneven terrain	walk on uneven terrain
36_20	36	120	34.1	locomotion	0.0-34.1	16/108	13.9	98-141				walk on uneven terrain	walk on uneven terrain
36_21	36	120	33.6	locomotion	0.0-33.6	15/102	15.5	86-141				walk on uneven terrain	walk on uneven terrain
36_22	36	120	35.9	locomotion	0.9-35.9	15/101	15.7	89-148				walk on uneven terrain	walk on uneven terrain
36_23	36	120	36.6	locomotion	0.4-36.6	15/102	16.3	91-140				walk on uneven terrain	walk on uneven terrain
36_24	36	120	34.6	locomotion	0.0-34.6	15/101	15.6	99-140				walk on uneven terrain	walk on uneven terrain
36_25	36	120	39.0	locomotion	0.1-39.0	15/102	17.6	89-141				walk on uneven terrain	walk on uneven terrain
36_26	36	120	35.3	locomotion	0.0-35.3	15/101	16.0	100-142				walk on uneven terrain	walk on uneven terrain
36_27	36	120	35.4	locomotion	0.0-35.4	15/103	16.0	99-143				walk on uneven terrain	walk on uneven terrain
36_28	36	120	19.9	locomotion	0.0-19.9	16/104	10.0	98-141				walk on uneven terrain	walk on uneven terrain
36_29	36	120	37.2	locomotion	0.0-37.2	15/100	16.7	100-143				walk on uneven terrain	walk on uneven terrain
36_30	36	120	36.8	locomotion	0.3-36.8	15/102	16.0	98-143				walk on uneven terrain	walk on uneven terrain
36_31	36	120	31.1	locomotion	0.1-31.1	16/101	13.1	97-160				walk on uneven terrain	walk on uneven terrain
36_32	36	120	37.2	locomotion	0.1-37.2	16/100	16.4	100-163				walk on uneven terrain	walk on uneven terrain
36_33	36	120	35.9	locomotion	0.0-35.9	15/100	15.8	98-160				walk on uneven terrain	walk on uneven terrain
36_34	36	120	36.1	locomotion	0.0-35.9	16/132	13.3	99-164				walk on uneven terrain	walk on uneven terrain
36_35	36	120	36.2	locomotion	0.0-36.2	15/103	15.0	99-159				walk on uneven terrain	walk on uneven terrain
36_36	36	120	39.9	locomotion	0.0-39.9	15/116	15.3	98-159				walk on uneven terrain	walk on uneven terrain
36_37	36	120	36.1	jump	0.7-36.1	15/110	14.4	87-163				jump/hop on uneven terrain	walk on uneven terrain
37_01	37	120	4.3	locomotion	0.0-4.3	21/72	3.7	104-108				slow walk	walk
38_01	38	120	2.9	locomotion	0.0-2.9	14/98	3.3	104-108				walk	walk, run
38_02	38	120	3.5	locomotion	0.0-3.5	14/100	4.5	98-105				walk	walk, run
38_03	38	120	6.3	locomotion	0.0-6.3	14/100	11.8	89-107				run around in a circle	walk, run
38_04	38	120	71.9	locomotion	0.0-71.9	13/107	69.5	98-105				walk around, frequent turns, cyclic walk along a line	walk, run
39_01	39	120	3.1	locomotion	0.0-3.1	11/49	4.7	97-102				walk	climb, swing, hang on playground equipment
39_02	39	120	3.3	locomotion	0.0-3.3	10/59	4.9	97-102				walk	climb, swing, hang on playground equipment
39_03	39	120	3.4	locomotion	0.0-3.4	9/54	5.1	97-102				walk	climb, swing, hang on playground equipment
39_04	39	120	3.4	locomotion	0.0-3.4	9/42	4.8	97-102				walk	climb, swing, hang on playground equipment
39_05	39	120	3.3	locomotion	0.0-3.3	10/97	4.9	97-102				walk	climb, swing, hang on playground equipment
39_06	39	120	3.1	locomotion	0.0-3.1	9/51	4.7	97-102				walk	climb, swing, hang on playground equipment
39_07	39	120	3.1	locomotion	0.0-3.1	9/61	4.6	97-102				walk	climb, swing, hang on playground equipment
39_08	39	120	2.9	locomotion	0.0-2.9	9/43	4.3	97-102				walk	climb, swing, hang on playground equipment
39_09	39	120	3.3	locomotion	0.0-3.3	9/56	4.6	98-102				walk	climb, swing, hang on playground equipment
39_10	39	120	3.3	locomotion	0.0-3.3	11/64	4.9	97-102				walk	climb, swing, hang on playground equipment
39_11	39	120	7.4	locomotion	0.0-7.4	13/47	6.4	100-104				walk forward, turn around, walk back	climb, swing, hang on playground equipment
39_12	39	120	3.6	locomotion	0.0-3.6	11/45	5.2	98-102				walk	climb, swing, hang on playground equipment
39_13	39	120	3.1	locomotion	0.0-3.1	10/50	4.7	97-102				walk	climb, swing, hang on playground equipment
39_14	39	120	3.3	locomotion	0.0-3.3	10/53	4.7	98-102				walk	climb, swing, hang on playground equipment
40_02	40	120	41.6	locomotion	0.8-41.6	12/94	27.6	98-103				navigate - walk forward, backward, on a diagonal	navigate from corner to corner, interact with stepstool
40_03	40	120	51.6	locomotion	0.0-51.6	12/97	35.0	97-103				navigate - walk forward, backward, on a diagonal	navigate from corner to corner, interact with stepstool
40_04	40	120	49.1	locomotion	0.6-49.1	13/91	36.9	96-103				navigate - walk forward, backward, on a diagonal	navigate from corner to corner, interact with stepstool
40_05	40	120	50.7	locomotion	0.0-50.7	12/96	36.9	97-103				navigate - walk forward, backward, on a diagonal	navigate from corner to corner, interact with stepstool
40_06	40	120	54.9	climb	0.5-54.9	16/157	24.7	46-140				climb, step over, sit on, jump over stepstool	navigate from corner to corner, interact with stepstool
40_07	40	120	57.3	climb	0.9-57.3	14/92	26.6	80-139				climb, step over, jump over stepstool	navigate from corner to corner, interact with stepstool
40_08	40	120	58.0	climb	0.8-58.0	14/97	24.1	84-140				climb, step over, jump over stepstool	navigate from corner to corner, interact with stepstool
40_09	40	120	43.1	climb	0.0-43.1	14/97	17.9	80-139				climb, step over, jump over stepstool	navigate from corner to corner, interact with stepstool
40_10	40	120	51.8	idle	1.3-51.8	13/97	12.8	100-103				wait for bus	navigate from corner to corner, interact with stepstool
40_11	40	120	50.2	idle	0.0-50.2	13/99	12.9	100-104				wait for bus	navigate from corner to corner, interact with stepstool
40_12	40	120	70.3	sports	2.4-70.3	14/94	2.4	100-102				basketball signals	navigate from corner to corner, interact with stepstool
41_02	41	120	36.6	locomotion	0.2-36.6	15/73	18.9	101-106				navigate - walk forward, backward, sideways, on a diagonal	navigate from corner to corner, interact with stepstool
41_03	41	120	49.6	locomotion	0.9-49.6	15/83	25.0	102-106				navigate - walk forward, backward, sideways, on a diagonal	navigate from corner to corner, interact with stepstool
41_04	41	120	58.9	locomotion	2.0-58.9	16/82	33.0	101-106				navigate - walk forward, backward, on a diagonal	navigate from corner to corner, interact with stepstool
41_05	41	120	60.2	locomotion	1.1-60.2	15/85	34.3	101-106				navigate - walk forward, backward, on a diagonal	navigate from corner to corner, interact with stepstool
41_06	41	120	59.2	locomotion	0.7-59.2	15/84	31.1	101-107				navigate - walk forward, backward, on a diagonal	navigate from corner to corner, interact with stepstool
41_07	41	120	62.8	climb	0.0-62.8	16/83	31.4	83-144				climb, step over, jump over, navigate around stepstool	navigate from corner to corner, interact with stepstool
41_08	41	120	66.2	climb	0.5-66.2	17/84	29.9	86-144				climb, step over, jump over, navigate around stepstool	navigate from corner to corner, interact with stepstool
41_09	41	120	64.3	climb	0.0-64.3	18/78	32.5	82-144				climb, step over, jump over, navigate around stepstool	navigate from corner to corner, interact with stepstool
41_10	41	120	32.6	sports	2.8-32.6	16/82	1.0	104-106				basketball signals	navigate from corner to corner, interact with stepstool
41_11	41	120	26.3	sports	2.2-26.3	15/86	1.0	103-106				basketball signals	navigate from corner to corner, interact with stepstool
42_01	42	60	18.9	exercise	1.3-18.9	31/138	1.7	103-107	loose			stretch - rotate head, shoulders, arms, legs	stretch
43_01	43	120	3.5	locomotion	0.0-3.5	16/91	4.6	97-103				walk	swing on playground equipment
43_02	43	120	7.5	climb	0.0-7.5	31/173	8.9	93-137	loose			playground - grip bar, swing body	swing on playground equipment
43_03	43	120	7.0	climb	0.0-7.0	31/158	9.8	86-132	floats loose			playground - grip bar, swing body	swing on playground equipment
45_01	45	120	3.8	locomotion	0.0-3.8	13/70	4.0	99-102				walk	walk
46_01	46	120	5.1	locomotion	0.0-5.1	12/86	4.6	100-105				walk	walk
47_01	47	120	11.0	locomotion	0.0-11.0	13/73	9.7	98-108				walk forward, turn around, walk back	walk
49_01	49	120	5.4	locomotion	0.0-5.4	15/64	4.7	100-104				walk	modern dance, gymnastics
49_02	49	120	17.4	jump	0.7-17.4	20/215	4.3	51-141				jump up and down, hop on one foot	modern dance, gymnastics
49_03	49	120	12.5	jump	0.5-12.5	16/64	2.9	82-132				jump up and down, hop on one foot	modern dance, gymnastics
49_04	49	120	2.1	jump	0.0-2.1	14/49	5.0	87-134				run, leap	modern dance, gymnastics
49_05	49	120	1.4	jump	0.0-1.4	16/66	4.0	81-140				run, leap	modern dance, gymnastics
49_06	49	120	4.0	acrobatics	0.6-4.0	21/146	3.1	85-101	inverted	Cartwheel		cartwheel	modern dance, gymnastics
49_07	49	120	3.9	acrobatics	0.0-3.9	19/131	3.4	87-105	inverted			cartwheel	modern dance, gymnastics
49_08	49	120	4.8	acrobatics	0.0-4.8	24/193	4.9	85-105	inverted			cartwheels	modern dance, gymnastics
49_09	49	120	16.0	dance	0.0-16.0	20/75	0.6	103-105				dance - arms held high, side arabesque	modern dance, gymnastics
49_10	49	120	11.9	dance	0.0-11.3	16/72	0.4	92-104				dance - fold in from side arabesque, curl inwards	modern dance, gymnastics
49_11	49	120	10.0	dance	0.0-10.0	16/70	0.4	91-104				dance - fold in from side arabesque, curl inwards	modern dance, gymnastics
49_12	49	120	9.4	dance	0.0-8.4	11/64	0.3	94-104				dance - lean forward, bring back leg forward, arching arms	modern dance, gymnastics
49_13	49	120	4.4	dance	0.0-4.4	17/89	0.2	97-105				dance - fold in from side arabesque, curl inwards	modern dance, gymnastics
49_14	49	120	5.2	dance	0.0-5.2	11/58	0.2	93-105				dance - lean forward, bring back leg forward, arching arms	modern dance, gymnastics
49_15	49	120	7.9	dance	0.0-7.8	17/39	0.1	99-100				static dance pose - folded in, head lowered, leg bent	modern dance, gymnastics
49_16	49	120	9.5	dance	0.0-9.5	12/59	0.3	98-105				dance - fold in from side arabesque, curl inwards	modern dance, gymnastics
49_17	49	120	6.2	dance	0.6-5.7	12/70	0.3	92-104				dance - lean forward, bring back leg forward, arching arms	modern dance, gymnastics
49_18	49	120	9.2	exercise	0.0-8.7	13/70	0.2	101-105				balance on one leg, outstretched arms	modern dance, gymnastics
49_19	49	120	8.0	exercise	0.5-7.3	18/60	0.2	100-105				balance on one leg, outstretched arms	modern dance, gymnastics
49_20	49	120	7.5	exercise	0.0-4.8	17/69	0.2	97-105				balance on one leg, outstretched arms	modern dance, gymnastics
49_21	49	120	20.2	acrobatics	0.7-20.2	16/129	6.4	82-105	floats			acrobatics - spin/twirl, hang on ropes	modern dance, gymnastics
49_22	49	120	10.7	dance	0.0-10.7	18/54	0.7	90-106				dance - lean back on bent leg, balance, bend elbow by ear	modern dance, gymnastics
54_01	54	120	16.0	animal and character	0.0-15.9	17/85	6.0	93-106		Monkey		monkey (human subject)	animal behaviors (pantomime - human subject
54_02	54	120	25.1	animal and character	5.1-24.7	25/176	8.4	88-109		Bear		bear (human subject)	animal behaviors (pantomime - human subject
54_03	54	120	23.1	animal and character	0.0-23.1	14/75	4.3	102-108				penguin (human subject)	animal behaviors (pantomime - human subject
54_04	54	120	38.4	animal and character	0.0-38.4	20/98	2.6	83-106				pterosaur (human subject)	animal behaviors (pantomime - human subject
54_05	54	120	8.9	animal and character	0.0-8.9	36/153	1.2	81-107	loose			pterosaur (human subject)	animal behaviors (pantomime - human subject
54_06	54	120	65.6	animal and character	0.0-62.4	24/120	9.6	77-106				pterosaur (human subject)	animal behaviors (pantomime - human subject
54_07	54	120	33.4	animal and character	0.0-32.9	19/109	7.2	82-106				prairie dog (human subject)	animal behaviors (pantomime - human subject
54_08	54	120	35.3	animal and character	0.4-35.0	26/117	26.3	92-113				roadrunner (human subject)	animal behaviors (pantomime - human subject
54_09	54	120	16.1	animal and character	0.0-15.6	16/76	4.9	82-105			pick: Mantis (an insect monster)	insect/praying mantis (human subject)	animal behaviors (pantomime - human subject
54_10	54	120	39.3	animal and character	0.2-39.1	19/98	11.4	87-116		Ghost		ghost (human subject)	animal behaviors (pantomime - human subject
54_11	54	120	28.4	animal and character	0.0-28.2	16/90	7.0	96-114				penguin (human subject)	animal behaviors (pantomime - human subject
54_12	54	120	19.1	animal and character	1.5-18.0	17/107	5.5	90-105		Dragon		dragon (human subject)	animal behaviors (pantomime - human subject
54_13	54	120	13.6	animal and character	0.0-11.5	22/109	4.6	100-107				dragon (human subject)	animal behaviors (pantomime - human subject
54_14	54	120	13.6	animal and character	0.1-13.3	25/271	10.1	83-114				monkey (human subject)	animal behaviors (pantomime - human subject
54_15	54	120	34.4	animal and character	0.6-33.3	18/89	9.1	94-111				prairie dog (human subject)	animal behaviors (pantomime - human subject
54_16	54	120	34.3	animal and character	0.0-34.3	15/92	3.0	80-107			pick: Superhero (a hero pose and flight)	superhero	animal behaviors (pantomime - human subject
54_17	54	120	23.5	animal and character	1.1-23.1	21/82	10.5	89-107				squirrel (human subject)	animal behaviors (pantomime - human subject
54_18	54	120	16.9	animal and character	0.0-16.9	29/128	6.4	79-111				squirrel (human subject)	animal behaviors (pantomime - human subject
54_19	54	120	40.7	animal and character	0.0-40.7	18/85	6.2	90-108				squirrel - robotic like motion (human subject)	animal behaviors (pantomime - human subject
54_20	54	120	51.6	locomotion	0.0-51.6	12/75	28.0	99-111				follow path, walk around obstacles	animal behaviors (pantomime - human subject
54_21	54	120	58.2	locomotion	0.0-58.0	12/82	32.2	99-111				follow path, walk around obstacles	animal behaviors (pantomime - human subject
54_22	54	120	21.1	locomotion	0.0-21.1	12/61	12.8	99-111				follow path, walk around obstacles	animal behaviors (pantomime - human subject
54_23	54	120	35.8	animal and character	0.0-35.8	15/89	1.2	100-105				monkey (human subject)	animal behaviors (pantomime - human subject
54_24	54	120	22.4	animal and character	0.9-22.2	25/113	3.1	100-109				hummingbird (human subject)	animal behaviors (pantomime - human subject
54_25	54	120	37.8	animal and character	0.4-37.8	37/149	6.6	78-105	loose			chicken (human subject)	animal behaviors (pantomime - human subject
54_26	54	120	16.3	animal and character	0.0-15.7	17/78	4.8	88-104				chicken (human subject)	animal behaviors (pantomime - human subject
54_27	54	120	28.7	animal and character	0.1-28.7	25/111	1.2	94-106				chicken (human subject)	animal behaviors (pantomime - human subject
55_01	55	120	15.0	dance	0.0-15.0	26/118	7.5	93-109				dance, whirl	animal behaviors (pantomime - human subject
55_02	55	120	18.2	dance	0.0-18.2	22/89	4.4	95-103				lambada dance	animal behaviors (pantomime - human subject
55_03	55	120	37.7	animal and character	0.0-37.1	23/127	5.5	100-111				genie (human subject)	animal behaviors (pantomime - human subject
55_04	55	120	4.4	locomotion	0.6-4.4	13/59	3.7	100-104				walk	animal behaviors (pantomime - human subject
55_05	55	120	23.4	animal and character	0.0-23.4	19/70	3.5	99-114				hummingbird (human subject)	animal behaviors (pantomime - human subject
55_06	55	120	77.3	animal and character	0.0-77.3	20/127	9.0	93-108				chicken (human subject)	animal behaviors (pantomime - human subject
55_07	55	120	38.1	animal and character	0.0-38.1	41/142	12.4	80-115	loose			chicken (human subject)	animal behaviors (pantomime - human subject
55_08	55	120	44.5	animal and character	0.0-44.5	20/140	9.0	72-102				monkey (human subject)	animal behaviors (pantomime - human subject
55_09	55	120	35.2	animal and character	0.0-35.2	27/141	12.9	79-110				monkey (human subject)	animal behaviors (pantomime - human subject
55_10	55	120	11.3	animal and character	0.0-11.3	22/105	1.1	102-105				hummingbird (human subject)	animal behaviors (pantomime - human subject
55_11	55	120	36.4	animal and character	0.0-36.4	17/86	12.7	87-109				animal (human subject)	animal behaviors (pantomime - human subject
55_12	55	120	17.3	dance	0.0-17.3	17/124	4.2	91-105				dancing bear (human subject)	animal behaviors (pantomime - human subject
55_13	55	120	81.1	animal and character	0.0-81.1	35/170	15.3	63-109	loose			insect/praying mantis (human subject)	animal behaviors (pantomime - human subject
55_14	55	120	43.3	animal and character	0.0-43.3	16/85	8.7	84-109				prairie dog (human subject)	animal behaviors (pantomime - human subject
55_15	55	120	80.8	animal and character	0.0-80.3	25/140	28.7	73-138	inverted			roadrunner (human subject)	animal behaviors (pantomime - human subject
55_16	55	120	50.7	animal and character	0.0-50.7	18/123	2.7	57-62				panda (human subject)	animal behaviors (pantomime - human subject
55_17	55	120	51.5	animal and character	0.0-51.5	31/159	12.9	90-111	loose			ghost (human subject)	animal behaviors (pantomime - human subject
55_18	55	120	44.9	animal and character	0.0-44.9	24/101	11.3	98-111				penguin (human subject)	animal behaviors (pantomime - human subject
55_19	55	120	39.5	animal and character	0.0-38.9	31/122	13.0	76-108	loose			dragon (human subject)	animal behaviors (pantomime - human subject
55_20	55	120	38.3	sports	0.0-38.3	26/116	7.3	80-123				hippo ballerina (human subject)	animal behaviors (pantomime - human subject
55_21	55	120	29.2	animal and character	0.0-29.2	26/113	13.1	96-114				pterosaur (human subject)	animal behaviors (pantomime - human subject
55_22	55	120	54.5	animal and character	0.0-54.5	25/130	24.1	75-109				superhero	animal behaviors (pantomime - human subject
55_23	55	120	49.8	animal and character	0.0-49.8	26/248	12.5	94-110			pick: Devil (a monster to act)	devil	animal behaviors (pantomime - human subject
55_24	55	120	79.3	animal and character	0.0-79.3	39/199	19.4	36-112	loose			various animals (human subject)	animal behaviors (pantomime - human subject
55_25	55	120	26.6	dance	0.2-26.6	26/129	10.4	78-111				dancing animal (human subject)	animal behaviors (pantomime - human subject
55_26	55	120	34.2	animal and character	0.0-34.2	46/194	10.4	92-107	loose			monkey (human subject)	animal behaviors (pantomime - human subject
55_27	55	120	41.7	dance	0.0-41.7	18/82	9.0	90-116				dancing ant (human subject)	animal behaviors (pantomime - human subject
55_28	55	120	69.2	animal and character	0.7-69.2	31/210	10.8	84-107	loose			monkey/bear (human subject)	animal behaviors (pantomime - human subject
56_01	56	120	12.5	locomotion	0.0-12.5	13/76	10.9	97-109				walk around	vignettes - locomotion, upper-body motions (focus: motion transitions
56_02	56	120	28.5	gesture and talk	0.0-28.5	14/55	1.9	99-105				vignettes - fists up, wipe window, yawn, stretch, angrily grab, smash against wall	vignettes - locomotion, upper-body motions (focus: motion transitions
56_03	56	120	51.8	combat	0.0-51.1	15/101	13.6	91-117				vignettes - fists up, wipe window, yawn, stretch, angrily grab, smash against wall, lift open window, throw punches, skip	vignettes - locomotion, upper-body motions (focus: motion transitions
56_04	56	120	56.4	combat	0.0-56.4	15/90	22.2	88-141				vignettes - fists up, wipe window, grab, lift open window, throw punches, yawn, stretch, walk, jump	vignettes - locomotion, upper-body motions (focus: motion transitions
56_05	56	120	61.3	combat	0.1-61.3	15/127	32.0	85-136				vignettes - walk, drink water, run/jog, jump, wipe window, lift open window, throw punches, yawn, stretch	vignettes - locomotion, upper-body motions (focus: motion transitions
56_06	56	120	56.5	combat	2.6-56.5	17/126	30.9	83-144				vignettes - throw punches, grab, skip, yawn, stretch, leap, lift open window, walk, jump/bound	vignettes - locomotion, upper-body motions (focus: motion transitions
56_07	56	120	78.5	jump	0.0-78.5	14/79	60.5	85-139				vignettes - yawn, stretch, walk, run/jog, angrily grab, jump, skip, halt	vignettes - locomotion, upper-body motions (focus: motion transitions
56_08	56	120	34.8	jump	2.4-34.8	15/75	24.2	88-126				vignettes - lift open window, smash against wall, hop, walk, run/jog, yawn, stretch	vignettes - locomotion, upper-body motions (focus: motion transitions
60_01	60	60	37.4	dance	0.0-37.4	17/112	14.4	45-106			pick: Salsa_Loop (a town festival)	salsa dance	salsa
60_02	60	60	35.0	dance	0.0-35.0	14/90	14.6	52-106				salsa dance	salsa
60_03	60	60	30.5	dance	0.0-29.9	14/68	11.5	96-106				salsa dance	salsa
60_04	60	60	31.2	dance	0.0-31.2	13/66	13.1	96-106				salsa dance	salsa
60_05	60	60	28.0	dance	0.0-28.0	15/82	11.4	98-107				salsa dance	salsa
60_06	60	60	29.5	dance	0.0-29.5	16/119	13.3	90-105				salsa dance	salsa
60_07	60	60	34.5	dance	0.0-34.5	24/145	14.5	96-105				salsa dance	salsa
60_08	60	60	57.0	dance	2.7-57.0	16/134	22.6	96-105				salsa dance	salsa
60_09	60	60	42.9	dance	0.0-42.2	19/140	18.7	91-110				salsa dance	salsa
60_10	60	60	19.9	dance	0.0-19.9	17/131	6.8	97-107				salsa dance	salsa
60_11	60	60	35.1	dance	0.0-34.7	21/106	13.2	74-106				salsa dance	salsa
60_12	60	60	28.2	dance	0.0-28.2	12/71	11.0	97-105				salsa dance	salsa
60_13	60	60	37.8	dance	0.0-37.8	13/80	14.8	91-106				salsa dance	salsa
60_14	60	60	32.5	dance	1.0-32.5	13/61	13.9	94-106				salsa dance	salsa
60_15	60	60	35.7	dance	0.0-35.7	13/100	14.7	94-105				salsa dance	salsa
61_01	61	60	37.4	dance	0.0-36.5	17/140	19.5	96-107				salsa dance	salsa
61_02	61	60	35.0	dance	2.7-35.0	18/116	20.4	95-107				salsa dance	salsa
61_03	61	60	30.5	dance	0.0-30.5	19/121	15.9	94-107				salsa dance	salsa
61_04	61	60	31.2	dance	2.1-31.2	18/82	17.6	92-108				salsa dance	salsa
61_05	61	60	28.0	dance	1.2-28.0	18/112	15.9	95-107				salsa dance	salsa
61_06	61	60	29.5	dance	0.0-29.5	20/113	16.0	91-105				salsa dance	salsa
61_07	61	60	34.5	dance	0.0-34.5	21/127	17.2	94-107				salsa dance	salsa
61_08	61	60	57.0	dance	2.8-57.0	23/213	30.5	94-104	inverted			salsa dance	salsa
61_09	61	60	42.9	dance	0.0-42.9	22/199	23.6	96-108	inverted			salsa dance	salsa
61_10	61	60	19.9	dance	0.0-19.9	18/169	9.5	92-106				salsa dance	salsa
61_11	61	60	35.1	dance	2.4-33.7	21/118	19.0	32-104				salsa dance	salsa
61_12	61	60	28.2	dance	0.0-28.2	18/99	15.2	96-107				salsa dance	salsa
61_13	61	60	37.8	dance	2.8-37.8	18/96	20.3	72-105				salsa dance	salsa
61_14	61	60	32.5	dance	1.4-32.5	19/156	19.8	74-107	inverted			salsa dance	salsa
61_15	61	60	35.7	dance	3.5-35.7	19/131	19.4	94-105				salsa dance	salsa
62_01	62	60	18.0	everyday	0.0-18.0	13/68	1.6	104-106				bolt loosening, wrench	construction work, random motions
62_02	62	60	17.3	everyday	0.0-17.3	13/71	1.5	103-106				bolt tightening, wrench	construction work, random motions
62_03	62	60	22.9	everyday	0.2-22.9	14/84	2.6	103-106				sawing, hand saw	construction work, random motions
62_04	62	60	22.5	everyday	0.0-22.5	16/65	1.9	103-107				screwing	construction work, random motions
62_05	62	60	19.3	everyday	0.0-19.3	16/63	2.7	102-106				screwing	construction work, random motions
62_06	62	60	44.2	everyday	0.0-44.2	16/68	2.1	103-106				unscrewing	construction work, random motions
62_07	62	60	18.6	everyday	0.0-18.6	13/62	1.9	103-106				hammering a nail	construction work, random motions
62_08	62	60	14.9	everyday	0.0-14.9	15/70	2.2	103-107				hammering a nail	construction work, random motions
62_09	62	60	19.0	everyday	1.5-19.0	14/72	2.1	102-106				pulling a nail	construction work, random motions
62_10	62	60	33.7	everyday	0.0-33.7	18/76	2.2	102-107				hammering sequence	construction work, random motions
62_11	62	60	61.8	everyday	0.0-61.8	17/117	12.1	92-110				cleaning up	construction work, random motions
62_12	62	60	16.4	everyday	0.0-16.4	13/65	2.0	103-108				hard days drink	construction work, random motions
62_13	62	60	21.1	sit and lie	0.0-21.1	16/88	7.2	96-108	inverted			moving a stool	construction work, random motions
62_14	62	60	11.2	everyday	0.0-8.9	15/73	0.6	105-107				opening umbrella	construction work, random motions
62_15	62	60	11.3	everyday	0.0-11.3	14/74	0.9	104-106				opening umbrella	construction work, random motions
62_16	62	60	10.5	everyday	0.0-10.5	14/70	0.3	104-106				closing umbrella	construction work, random motions
62_17	62	60	12.0	everyday	0.0-12.0	16/67	0.4	105-107				opening and closing umbrella	construction work, random motions
62_18	62	60	9.4	everyday	0.0-9.4	15/75	1.4	104-107				closing a box	construction work, random motions
62_19	62	60	11.0	everyday	0.0-11.0	14/74	1.8	103-107				opening a box	construction work, random motions
62_20	62	60	16.1	everyday	0.0-16.1	15/82	3.0	103-108				closing, moving and opening a box	construction work, random motions
62_21	62	60	57.5	everyday	0.0-57.5	12/66	2.6	104-107				coiling a rope	construction work, random motions
62_22	62	60	17.6	calibration	1.2-16.9	16/89	1.1	72-108				dynamic calibration	construction work, random motions
62_23	62	60	15.9	everyday	0.5-15.9	17/79	1.7	102-106				bolt tightening	construction work, random motions
62_24	62	60	48.1	everyday	0.0-48.1	16/75	2.3	102-106	inverted			bolt tightening, with putting bolt in	construction work, random motions
62_25	62	60	22.1	everyday	0.0-22.1	23/156	1.0	105-111	inverted			bolt loosening, wrench	construction work, random motions
63_01	63	120	3.7	sports	1.1-3.7	18/79	0.6	103-105				Swing	golf
63_02	63	120	4.1	undescribed	1.4-4.1	19/73	0.6	102-106	fps?				golf
63_03	63	120	3.7	undescribed	0.7-3.7	19/100	0.7	102-105	fps?				golf
63_04	63	120	3.4	undescribed	0.8-3.4	18/82	0.6	100-105	fps?				golf
63_05	63	120	3.2	undescribed	0.5-3.2	18/74	0.7	100-106	fps?				golf
63_06	63	120	4.4	undescribed	0.6-4.4	17/92	0.8	101-106	fps?				golf
63_07	63	120	3.1	undescribed	0.7-3.1	19/85	0.7	102-105	fps?				golf
63_08	63	120	3.0	undescribed	0.5-3.0	19/83	0.6	102-105	fps?				golf
63_09	63	120	3.8	undescribed	1.1-3.8	18/82	0.7	102-105	fps?				golf
63_10	63	120	4.7	undescribed	1.4-4.7	18/86	0.7	101-105	fps?				golf
63_11	63	120	4.9	undescribed	0.0-4.0	16/81	0.1	104-105	fps?				golf
63_12	63	120	4.2	undescribed	0.7-4.2	13/57	0.1	103-105	fps?				golf
63_13	63	120	3.6	undescribed	0.7-2.8	14/70	0.1	103-105	fps?				golf
63_14	63	120	4.7	undescribed	0.2-4.5	13/49	0.1	101-105	fps?				golf
63_15	63	120	3.5	undescribed	0.0-2.5	13/47	0.0	103-104	fps?				golf
63_16	63	120	5.2	undescribed	0.3-5.2	24/107	0.9	99-105	fps? inverted				golf
63_17	63	120	4.4	undescribed	0.6-4.4	22/95	0.5	52-105	fps?				golf
63_18	63	120	4.0	undescribed	0.8-4.0	24/110	0.5	59-104	fps?				golf
63_19	63	120	3.1	undescribed	0.1-3.1	20/144	0.5	92-105	fps? inverted				golf
63_20	63	120	4.9	undescribed	0.3-4.9	26/90	0.5	58-105	fps?				golf
63_21	63	120	3.6	undescribed	0.8-3.6	21/102	0.5	93-105	fps? inverted				golf
63_22	63	120	4.4	undescribed	0.0-4.4	19/88	1.0	96-105	fps? inverted				golf
63_23	63	120	4.3	undescribed	0.5-4.3	23/110	1.0	94-105	fps? inverted				golf
63_24	63	120	4.8	undescribed	0.0-4.8	19/93	0.9	90-105	fps? inverted				golf
63_25	63	120	5.1	undescribed	0.6-5.1	19/89	0.8	92-106	fps? inverted				golf
63_26	63	120	4.7	undescribed	0.0-4.7	19/85	0.9	99-104	fps? inverted				golf
63_27	63	120	4.7	undescribed	0.9-4.7	20/83	0.8	97-105	fps? inverted				golf
63_28	63	120	4.3	undescribed	0.6-4.3	22/88	0.8	101-104	fps? inverted				golf
63_29	63	120	4.8	undescribed	0.8-4.8	19/85	0.9	99-104	fps? inverted				golf
63_30	63	120	5.1	undescribed	1.2-5.1	19/89	0.8	97-105	fps? inverted				golf
64_01	64	120	3.7	sports	1.1-3.7	18/79	0.6	103-105				Swing	golf
64_02	64	120	4.1	sports	1.4-4.1	19/73	0.6	102-106				Swing	golf
64_03	64	120	3.7	sports	0.7-3.7	19/100	0.7	102-105				Swing	golf
64_04	64	120	3.4	sports	0.8-3.4	18/82	0.6	100-105				Swing	golf
64_05	64	120	3.2	sports	0.5-3.2	18/74	0.7	100-106				Swing	golf
64_06	64	120	4.4	sports	0.6-4.4	17/92	0.8	101-106				Swing	golf
64_07	64	120	3.1	sports	0.7-3.1	19/85	0.7	102-105				Swing	golf
64_08	64	120	3.0	sports	0.5-3.0	19/83	0.6	102-105				Swing	golf
64_09	64	120	3.8	sports	1.1-3.8	18/82	0.7	102-105				Swing	golf
64_10	64	120	4.7	sports	1.4-4.7	18/86	0.7	101-105				Swing	golf
64_11	64	120	4.9	everyday	0.0-4.0	16/81	0.1	104-105				Putt	golf
64_12	64	120	4.2	everyday	0.7-4.2	13/57	0.1	103-105				Putt	golf
64_13	64	120	3.6	everyday	0.7-2.8	14/70	0.1	103-105				Putt	golf
64_14	64	120	4.7	everyday	0.2-4.5	13/49	0.1	101-105				Putt	golf
64_15	64	120	3.5	everyday	0.0-2.5	13/47	0.0	103-104				Putt	golf
64_16	64	120	5.2	sports	0.3-5.2	24/107	0.9	99-105	inverted			Placing Tee	golf
64_17	64	120	4.4	sports	0.6-4.4	22/95	0.5	52-105				Placing Tee	golf
64_18	64	120	4.0	sports	0.8-4.0	24/110	0.5	59-104				Placing Tee	golf
64_19	64	120	3.1	sports	0.1-3.1	20/144	0.5	92-105	inverted			Placing Tee	golf
64_20	64	120	4.9	sports	0.3-4.9	26/90	0.5	58-105				Placing Tee	golf
64_21	64	120	3.6	sports	0.8-3.6	21/102	0.5	93-105	inverted			Placing Ball	golf
64_22	64	120	4.4	sports	0.0-4.4	19/88	1.0	96-105	inverted			Placing Ball	golf
64_23	64	120	4.3	sports	0.5-4.3	23/110	1.0	94-105	inverted			Placing Ball	golf
64_24	64	120	4.8	sports	0.0-4.8	19/93	0.9	90-105	inverted			Placing Ball	golf
64_25	64	120	5.1	sports	0.6-5.1	19/89	0.8	92-106	inverted			Placing Ball	golf
64_26	64	120	4.7	sports	0.0-4.7	19/85	0.9	99-104	inverted			Picking up Ball	golf
64_27	64	120	4.7	sports	0.9-4.7	20/83	0.8	97-105	inverted			Picking up Ball	golf
64_28	64	120	4.3	sports	0.6-4.3	22/88	0.8	101-104	inverted			Picking up Ball	golf
64_29	64	120	4.8	sports	0.8-4.8	19/85	0.9	99-104	inverted			Picking up Ball	golf
64_30	64	120	5.1	sports	1.2-5.1	19/89	0.8	97-105	inverted			Picking up Ball	golf
69_01	69	120	3.9	locomotion	0.9-3.9	14/47	2.5	103-106				walk forward	walking
69_02	69	120	2.9	locomotion	0.0-2.9	13/61	2.5	103-106				walk forward	walking
69_03	69	120	3.6	locomotion	0.6-3.6	13/61	2.7	102-105				walk forward	walking
69_04	69	120	3.5	locomotion	0.6-3.5	14/47	2.5	102-105				walk forward	walking
69_05	69	120	3.8	locomotion	0.8-3.8	12/57	2.8	100-105				walk forward	walking
69_06	69	120	43.4	locomotion	0.7-43.4	13/50	29.4	101-105				walk and turn (repeated)	walking
69_07	69	120	43.7	locomotion	0.0-43.7	13/58	28.8	102-106				walk and turn (repeated)	walking
69_08	69	120	44.2	locomotion	0.0-44.2	13/61	30.0	101-106				walk and turn (repeated)	walking
69_09	69	120	42.5	locomotion	0.0-42.5	14/59	29.3	101-106				walk and turn (repeated)	walking
69_10	69	120	47.9	locomotion	0.2-47.9	13/54	30.5	102-106				walk and turn (repeated)	walking
69_11	69	120	41.3	locomotion	0.1-41.3	14/60	25.9	102-106				walk and turn (repeated)	walking
69_12	69	120	40.2	locomotion	0.3-40.2	14/66	25.9	101-106				walk and turn both directions (repeated)	walking
69_13	69	120	39.6	everyday	0.3-39.6	14/67	24.7	102-106				walk, turn in place (repeated)	walking
69_14	69	120	41.0	everyday	0.0-41.0	13/71	25.3	101-105				walk, turn in place (repeated)	walking
69_15	69	120	37.5	everyday	0.0-37.5	13/65	22.6	101-105				walk, turn in place (repeated)	walking
69_16	69	120	9.4	everyday	0.0-8.9	14/47	1.0	104-107				turn in place	walking
69_17	69	120	8.3	everyday	0.6-7.8	14/58	0.8	104-106				turn in place	walking
69_18	69	120	8.8	everyday	0.5-8.8	15/53	0.8	105-107				turn in place (opposite direction)	walking
69_19	69	120	9.3	everyday	0.5-9.2	14/39	0.9	105-106				turn in place (opposite direction)	walking
69_20	69	120	4.6	locomotion	0.0-4.6	13/52	3.1	102-106				walk forward 90 degree right turn	walking
69_21	69	120	5.1	locomotion	0.0-5.1	13/59	3.3	102-105				walk forward 90 degree right turn	walking
69_22	69	120	4.1	locomotion	0.0-4.1	13/52	3.3	102-106				walk forward 90 degree right turn	walking
69_23	69	120	4.7	locomotion	0.0-4.7	13/44	4.0	102-106				walk forward 90 degree right turn	walking
69_24	69	120	3.6	locomotion	0.0-3.6	13/46	3.3	100-105				walk forward 90 degree left turn	walking
69_25	69	120	3.9	locomotion	0.0-3.9	14/47	3.5	102-105				walk forward 90 degree left turn	walking
69_26	69	120	3.6	locomotion	0.0-3.6	14/52	3.2	101-105				walk forward 90 degree left turn	walking
69_27	69	120	3.5	locomotion	0.0-3.5	13/47	3.0	102-105				walk forward 90 degree left turn	walking
69_28	69	120	3.9	locomotion	0.0-3.9	12/63	3.3	103-106				walk forward 90 degree smooth right turn	walking
69_29	69	120	3.3	locomotion	0.0-3.3	13/64	2.9	103-105				walk forward 90 degree smooth right turn	walking
69_30	69	120	3.2	locomotion	0.0-3.2	13/49	3.0	103-106				walk forward 90 degree smooth right turn	walking
69_31	69	120	3.1	locomotion	0.0-3.1	13/50	3.0	102-106				walk forward 90 degree smooth left turn	walking
69_32	69	120	3.2	locomotion	0.0-3.2	14/62	2.9	103-106				walk forward 90 degree smooth left turn	walking
69_33	69	120	3.3	locomotion	0.0-3.3	14/47	2.9	102-106				walk forward 90 degree smooth left turn	walking
69_34	69	120	39.8	locomotion	0.5-39.8	17/84	22.2	102-105				walk backwards and turn	walking
69_35	69	120	34.2	locomotion	0.0-34.2	19/83	21.5	100-106				walk backwards and turn	walking
69_36	69	120	38.3	locomotion	0.0-38.3	19/85	23.6	101-106				walk backwards and turn	walking
69_37	69	120	36.1	locomotion	0.0-36.1	14/80	19.1	102-106				walk backwards and turn	walking
69_38	69	120	41.0	locomotion	0.0-41.0	13/76	22.1	101-107				walk backwards and turn (repeated)	walking
69_39	69	120	37.3	everyday	0.0-37.3	14/78	19.2	102-108				walk backward, turn in place	walking
69_40	69	120	38.7	everyday	0.4-38.7	14/78	19.9	101-107				walk backward, turn in place	walking
69_41	69	120	39.2	everyday	0.4-39.2	13/75	18.9	101-108				walk backward, turn in place	walking
69_42	69	120	42.6	locomotion	0.0-42.6	14/67	18.2	101-105				walk sideways and turn (repeated)	walking
69_43	69	120	41.4	locomotion	0.0-41.4	15/48	17.4	101-105				walk sideways and turn (repeated)	walking
69_44	69	120	47.1	locomotion	0.3-47.1	14/59	20.2	101-105				walk sideways and turn (repeated)	walking
69_45	69	120	39.6	locomotion	0.4-39.6	14/61	17.7	101-106				walk sideways and turn (repeated)	walking
69_46	69	120	47.5	locomotion	0.0-47.5	14/55	19.0	101-105				walk sideways and turn (repeated)	walking
69_47	69	120	44.1	locomotion	0.2-44.1	14/68	18.1	101-105				walk sideways and turn (repeated)	walking
69_48	69	120	41.8	locomotion	0.2-41.8	16/66	15.9	101-105				walk sideways and turn (opposite direction)	walking
69_49	69	120	47.4	locomotion	0.0-47.4	16/52	19.1	101-105				walk sideways and turn (opposite direction)	walking
69_50	69	120	4.4	locomotion	0.0-4.4	12/66	3.3	102-107				walk sideways and backwards	walking
69_51	69	120	5.2	locomotion	0.0-5.2	14/77	3.8	101-107				walk backwards and turn	walking
69_52	69	120	4.5	locomotion	0.0-4.5	12/66	3.4	103-108				walk backwards and turn	walking
69_53	69	120	3.8	locomotion	0.0-3.8	21/77	2.9	102-107				walk backwards and turn	walking
69_54	69	120	4.2	locomotion	0.0-4.2	19/75	3.3	103-106				walk backwards and turn	walking
69_55	69	120	4.0	locomotion	0.0-4.0	18/77	3.3	103-107				walk backwards and turn	walking
69_56	69	120	6.4	locomotion	0.1-6.4	15/47	3.1	101-104				walk sideways and turn (opposite direction)	walking
69_57	69	120	5.1	locomotion	0.0-5.1	16/57	2.7	100-105				walk sideways and turn (opposite direction)	walking
69_58	69	120	6.3	locomotion	0.0-6.3	17/64	3.3	101-104				walk sideways and turn (opposite direction)	walking
69_59	69	120	5.9	locomotion	0.0-5.9	15/55	3.0	101-105				walk sideways and turn	walking
69_60	69	120	5.4	locomotion	0.0-5.4	14/53	2.9	101-105				walk sideways and turn	walking
69_61	69	120	5.3	locomotion	0.0-5.3	14/45	2.8	101-105				walk sideways and turn	walking
69_62	69	120	5.5	locomotion	0.0-5.5	16/47	3.0	100-104				walk sideways and turn (opposite direction)	walking
69_63	69	120	4.5	locomotion	0.0-4.5	16/51	2.7	100-104				walk sideways and turn (opposite direction)	walking
69_64	69	120	4.6	locomotion	0.0-4.6	16/53	2.6	100-104				walk sideways and turn (opposite direction)	walking
69_65	69	120	5.5	locomotion	0.0-5.5	15/53	3.2	101-104				walk sideways and turn	walking
69_66	69	120	4.9	locomotion	0.0-4.9	16/45	2.7	101-105				walk sideways and turn	walking
69_67	69	120	5.3	locomotion	0.0-5.3	16/43	3.0	100-104				walk sideways and turn	walking
69_68	69	120	6.9	everyday	0.0-6.9	14/62	1.9	72-105	inverted			walk forward and pick up object, set down object	walking
69_69	69	120	6.7	everyday	0.0-6.7	16/82	3.3	91-106	inverted			walk forward and pick up object, carry back object	walking
69_70	69	120	8.7	sit and lie	0.0-8.7	15/66	3.5	38-106				walk up to object, squat, pick up object, set down in another place.	walking
69_71	69	120	11.0	sit and lie	0.3-11.0	16/66	4.6	36-106				walk up to object, squat, pick up object, set down in another place	walking
69_72	69	120	9.4	everyday	0.1-9.4	14/81	3.8	90-106	inverted			walk up to object, pick up object, set down in another place	walking
69_73	69	120	9.1	everyday	0.0-9.1	15/76	4.6	100-105	inverted			walk up to object, lean over, pick up object, set down in another place	walking
69_74	69	120	8.2	everyday	0.0-8.2	14/83	3.9	97-106	inverted			walk up to object, lean over, pick up object, set down in another place	walking
69_75	69	120	9.2	sit and lie	0.0-9.2	16/81	3.6	37-106				walk up to object, squat, pick up object, set down in another place	walking
70_01	70	120	6.0	everyday	0.4-6.0	16/78	3.2	103-108				carry 5.5lb suitcase	suitcase
70_02	70	120	6.3	everyday	1.2-6.3	16/85	3.7	102-107				carry 5.5lb suitcase	suitcase
70_03	70	120	15.4	everyday	0.0-15.4	14/91	1.2	106-108				carry 19.5lb suitcase	suitcase
70_04	70	120	13.9	everyday	0.0-13.9	20/103	1.2	106-109				carry 19.5lb suitcase	suitcase
70_05	70	120	7.5	everyday	0.0-7.5	18/90	3.7	103-108				carry 19.5lb suitcase	suitcase
70_06	70	120	7.0	everyday	0.0-7.0	17/87	3.3	103-108				carry 19.5lb suitcase	suitcase
70_07	70	120	13.0	everyday	0.0-13.0	15/80	0.8	104-107				carry 19.5lb suitcase	suitcase
70_08	70	120	7.1	everyday	1.3-7.1	19/87	3.8	103-108				carry 19.5lb suitcase	suitcase
70_09	70	120	7.0	everyday	0.6-7.0	21/97	4.1	98-108				carry 19.5lb suitcase	suitcase
70_10	70	120	6.7	everyday	0.9-6.7	22/90	3.9	103-108				carry 12.5lb suitcase	suitcase
70_11	70	120	5.2	everyday	1.2-5.2	16/85	3.0	104-107				carry 12.5lb suitcase	suitcase
70_12	70	120	6.6	everyday	1.3-6.6	17/84	3.8	102-108				carry 12.5lb suitcase	suitcase
70_13	70	120	5.6	everyday	0.0-5.6	18/80	2.6	104-107				carry 12.5lb suitcase	suitcase
73_01	73	120	6.0	undescribed	0.4-6.0	16/78	3.2	103-108	fps?				
73_02	73	120	6.3	undescribed	1.2-6.3	16/85	3.7	102-107	fps?				
73_03	73	120	15.4	undescribed	0.0-15.4	14/91	1.2	106-108	fps?				
73_04	73	120	13.9	undescribed	0.0-13.9	20/103	1.2	106-109	fps?				
73_05	73	120	7.5	undescribed	0.0-7.5	18/90	3.7	103-108	fps?				
73_06	73	120	7.0	undescribed	0.0-7.0	17/87	3.3	103-108	fps?				
73_07	73	120	13.0	undescribed	0.0-13.0	15/80	0.8	104-107	fps?				
73_08	73	120	7.1	undescribed	1.3-7.1	19/87	3.8	103-108	fps?				
73_09	73	120	7.0	undescribed	0.6-7.0	21/97	4.1	98-108	fps?				
73_10	73	120	6.7	undescribed	0.9-6.7	22/90	3.9	103-108	fps?				
73_11	73	120	5.2	undescribed	1.2-5.2	16/85	3.0	104-107	fps?				
73_12	73	120	6.6	undescribed	1.3-6.6	17/84	3.8	102-108	fps?				
73_13	73	120	5.6	undescribed	0.0-5.6	18/80	2.6	104-107	fps?				
74_01	74	60	7.7	locomotion	0.0-7.7	22/79	3.5	105-112				stiff walk	kicks and walking on slopes
74_02	74	60	4.4	locomotion	0.5-4.4	16/59	3.2	102-110				stiff walk	kicks and walking on slopes
74_03	74	60	6.6	combat	2.2-6.6	19/76	1.8	101-111				kick	kicks and walking on slopes
74_04	74	60	5.2	combat	1.1-4.8	19/73	2.4	97-117				kick	kicks and walking on slopes
74_05	74	60	5.4	combat	1.6-3.9	18/74	0.8	99-107				kick	kicks and walking on slopes
74_06	74	60	5.4	combat	1.6-3.8	21/80	1.1	99-109				kick	kicks and walking on slopes
74_07	74	60	5.2	everyday	0.0-3.9	27/96	0.4	60-111				lifting up	kicks and walking on slopes
74_08	74	60	2.8	everyday	0.1-2.6	29/74	0.4	53-110				lifting up	kicks and walking on slopes
74_09	74	60	3.3	undescribed	0.0-2.0	16/96	0.1	80-81					kicks and walking on slopes
74_10	74	60	5.6	combat	0.0-5.0	16/97	0.5	101-106				peeping	kicks and walking on slopes
74_11	74	60	5.8	combat	0.0-4.7	21/80	0.7	95-105				peeping	kicks and walking on slopes
74_12	74	60	5.0	combat	0.0-3.4	20/91	0.1	100-106	floats			thinker	kicks and walking on slopes
74_13	74	60	42.1	calibration	0.0-41.1	18/90	4.6	41-108				Range of motion	kicks and walking on slopes
74_14	74	60	7.4	combat	0.0-7.0	19/86	2.9	104-148				slope 1	kicks and walking on slopes
74_15	74	60	7.3	combat	2.0-6.5	20/71	2.9	105-147				slope1	kicks and walking on slopes
74_16	74	60	8.2	combat	1.7-6.5	19/74	2.8	104-161	floats			slope 2	kicks and walking on slopes
74_17	74	60	8.7	combat	1.6-6.4	19/75	2.9	105-160	floats			slope 2	kicks and walking on slopes
74_18	74	60	8.2	combat	0.5-6.8	18/83	2.9	104-178	floats			slope 3	kicks and walking on slopes
74_19	74	60	8.1	combat	1.9-6.7	19/70	2.8	104-178	floats			slope 3	kicks and walking on slopes
74_20	74	60	9.6	locomotion	0.0-9.6	18/72	4.7	104-111				stiff walk	kicks and walking on slopes
75_01	75	60	6.3	jump	0.0-3.2	16/65	3.5	86-126				run jump	jumps; hopscotch; sits
75_02	75	60	4.0	jump	0.0-2.6	18/68	3.8	80-134				run jump	jumps; hopscotch; sits
75_03	75	60	3.4	jump	0.3-2.6	17/69	3.6	82-143				run jump	jumps; hopscotch; sits
75_04	75	60	4.8	locomotion	0.9-4.4	17/62	4.3	87-106				wide leg run	jumps; hopscotch; sits
75_05	75	60	5.0	locomotion	2.1-4.8	16/68	3.6	88-106				cross leg run	jumps; hopscotch; sits
75_06	75	60	12.1	jump	1.9-11.7	17/63	1.2	87-132				180 jump	jumps; hopscotch; sits
75_07	75	60	18.6	jump	2.8-17.2	17/80	4.0	84-149				angle jumps	jumps; hopscotch; sits
75_08	75	60	18.6	jump	4.0-17.2	17/75	5.1	85-148				360 jumps	jumps; hopscotch; sits
75_09	75	60	6.2	jump	2.1-6.2	17/61	1.7	86-146				360 jump	jumps; hopscotch; sits
75_10	75	60	4.6	jump	1.8-4.0	17/62	3.3	86-135				2 jump	jumps; hopscotch; sits
75_11	75	60	2.9	jump	0.8-2.9	16/59	3.2	84-135				2 jump	jumps; hopscotch; sits
75_12	75	60	7.7	jump	0.0-7.7	19/80	5.6	81-133	inverted			box jump	jumps; hopscotch; sits
75_13	75	60	6.2	jump	0.2-5.2	17/71	2.5	90-122				hopscotch	jumps; hopscotch; sits
75_14	75	60	7.4	jump	0.9-6.7	18/92	3.1	91-126				hopscotch	jumps; hopscotch; sits
75_15	75	60	29.1	jump	1.4-29.1	16/110	14.7	70-128				long jumps	jumps; hopscotch; sits
75_16	75	60	5.7	combat	0.0-4.9	18/78	2.7	87-142				jump kick	jumps; hopscotch; sits
75_17	75	60	5.4	sit and lie	0.3-5.4	15/61	0.9	39-105				medium sit	jumps; hopscotch; sits
75_18	75	60	5.0	sit and lie	0.0-4.4	15/63	0.9	52-105				high sit	jumps; hopscotch; sits
75_19	75	60	12.8	sit and lie	0.9-11.8	14/64	1.7	39-106				medium sit	jumps; hopscotch; sits
75_20	75	60	8.3	sit and lie	1.6-7.7	14/53	1.1	23-105				low sit	jumps; hopscotch; sits
76_01	76	120	7.7	combat	0.0-7.7	15/69	2.0	97-107				walk backwards then attack with a punch	avoidance
76_02	76	120	9.7	combat	1.5-9.7	14/72	2.3	97-107				walk backwards, feign a few attacks, then attack	avoidance
76_03	76	120	9.0	combat	0.4-9.0	20/273	3.5	65-105				avoid attacker	avoidance
76_04	76	120	3.5	dance	0.1-3.5	15/78	0.6	72-107				defensive guard pose	avoidance
76_05	76	120	7.2	combat	0.0-7.2	16/78	2.7	94-106				swatting at pesky bug	avoidance
76_06	76	120	5.6	locomotion	0.0-5.6	13/64	1.9	101-107				avoid stepping on something	avoidance
76_07	76	120	0.2	undescribed	0.0-0.2	10/32	0.0	99-99	short				avoidance
76_08	76	120	12.5	locomotion	0.7-12.5	13/100	3.0	93-108				careful stepping over things	avoidance
76_09	76	120	13.2	locomotion	0.4-13.2	12/74	1.6	104-109				walking backwards	avoidance
76_10	76	120	11.4	locomotion	0.0-10.8	13/103	0.9	106-108				turning	avoidance
76_11	76	120	4.3	locomotion	0.0-3.7	12/66	2.4	98-106				quick large steps backwards	avoidance
77_01	77	60	18.2	other	1.3-18.2	21/96	2.3	76-104				looking around	careful actions
77_02	77	60	15.6	idle	0.0-15.6	17/72	1.3	104-106				standing	careful actions
77_03	77	60	16.4	everyday	0.0-16.4	16/60	2.1	96-104				ready stance	careful actions
77_04	77	60	14.7	other	0.0-14.7	20/101	2.0	87-104				Looking around	careful actions
77_05	77	60	8.5	other	0.0-8.5	13/72	0.4	95-97				look around with flashlight	careful actions
77_06	77	60	22.5	everyday	0.0-22.5	22/126	3.5	68-106				searching ground	careful actions
77_07	77	60	8.4	everyday	0.0-8.4	17/77	0.7	79-105				poking ground	careful actions
77_08	77	60	16.8	other	1.1-16.8	19/112	2.5	55-106				investigating thing on ground with two hands	careful actions
77_09	77	60	16.5	combat	0.0-16.5	20/122	2.1	50-105		Duck_Thrown_Object		duck to avoid flying object	careful actions
77_10	77	60	11.5	locomotion	0.0-11.5	16/87	10.0	91-105				careful run	careful actions
77_11	77	60	5.3	locomotion	1.8-5.2	16/90	3.8	91-105				careful run	careful actions
77_12	77	60	16.3	locomotion	1.6-14.9	15/102	18.0	92-107				careful run in circle	careful actions
77_13	77	60	23.1	locomotion	1.8-23.1	15/94	29.9	89-104				careful run in figure eight	careful actions
77_14	77	60	16.5	locomotion	0.0-16.5	20/81	8.7	88-97				careful creeping	careful actions
77_15	77	60	18.0	locomotion	0.2-18.0	18/77	8.5	86-95				careful creeping	careful actions
77_16	77	60	10.9	reaction	1.6-10.9	18/109	2.0	10-97				laying down, getting up, careful ready pose	careful actions
77_17	77	60	12.0	reaction	1.5-12.0	23/103	2.4	9-100				laying down, getting up, careful ready pose	careful actions
77_18	77	60	14.2	reaction	0.0-14.2	22/118	2.6	12-104	inverted			laying down on back, getting up, careful ready pose	careful actions
77_19	77	60	16.6	reaction	0.0-16.6	18/105	5.9	79-104				limping, hurt right leg	careful actions
77_20	77	60	26.2	reaction	0.0-26.2	19/93	11.1	77-104				limping, hurt right leg	careful actions
77_21	77	60	21.8	exercise	0.0-20.8	18/116	1.2	40-110				stretching	careful actions
77_22	77	60	23.7	reaction	0.0-23.7	18/96	10.5	86-106				limping, hurt right leg	careful actions
77_23	77	60	26.5	reaction	0.0-26.5	17/120	10.0	88-103				limping, hurt right leg	careful actions
77_24	77	60	11.9	reaction	0.0-11.9	18/84	2.9	89-104				limping, hurt right leg	careful actions
77_25	77	60	11.0	everyday	0.0-11.0	20/84	1.8	84-104				careful walk and search	careful actions
77_26	77	60	10.8	everyday	0.0-10.8	20/110	2.9	81-104				careful walk and search	careful actions
77_27	77	60	12.1	everyday	0.0-12.1	20/116	3.1	82-105				careful walk and search	careful actions
77_28	77	60	49.5	locomotion	2.5-49.5	15/79	17.5	101-105				careful walk	careful actions
77_29	77	60	35.1	locomotion	0.0-35.1	14/86	10.8	90-105				creeping walk	careful actions
77_30	77	60	21.0	locomotion	0.0-21.0	16/87	9.6	100-105				creeping walk	careful actions
77_31	77	60	35.1	locomotion	1.8-35.1	15/95	14.5	86-103				silent walk	careful actions
77_32	77	60	31.6	locomotion	0.2-31.6	20/81	12.4	87-105				creeping walk	careful actions
77_33	77	60	49.9	reaction	1.4-49.9	16/78	16.2	91-104				creeping with limp	careful actions
77_34	77	60	18.7	locomotion	0.0-18.7	14/86	3.9	93-104				creep and pause, repeat	careful actions
78_01	78	120	1.4	everyday	0.0-1.4	21/120	3.0	82-102				LeftTightTurn CleanedGRS	walking
78_02	78	120	2.3	everyday	0.3-2.3	20/96	4.8	88-104				RightWideTurn CleanedGRS	walking
78_03	78	120	1.4	everyday	0.0-1.4	18/96	4.2	90-104				LeftWideTurn CleanedGRS	walking
78_04	78	120	1.3	everyday	0.0-1.3	17/147	2.7	82-95				SuperTightLeft CleanedGRS	walking
78_05	78	120	1.4	everyday	0.0-1.4	19/95	2.8	86-101				SuperTightRight CleanedGRS	walking
78_06	78	120	0.9	everyday	0.0-0.9	19/94	3.9	94-103	short			RunningStraight CleanedGRS	walking
78_07	78	120	1.2	everyday	0.0-1.2	20/101	4.7	95-106				RunningWideRight CleanedGRS	walking
78_08	78	120	0.9	everyday	0.0-0.9	19/97	4.0	94-102	short			RunningWideLeft CleanedGRS	walking
78_09	78	120	1.3	everyday	0.0-1.3	19/94	4.6	90-107				RunningTigherLeft CleanedGRS	walking
78_10	78	120	1.2	everyday	0.0-1.2	19/90	4.2	93-107				RunningTighterRight CleanedGRS	walking
78_11	78	120	0.4	calibration	0.1-0.4	12/44	0.0	94-95	short			calibration	walking
78_12	78	120	0.8	everyday	0.0-0.8	17/97	3.6	98-106	short			RunningNoBall CleanedGRS	walking
78_13	78	120	1.4	everyday	0.0-1.4	20/73	3.6	85-99				OffensiveMoveSpinLeft CleanedGRS	walking
78_14	78	120	1.4	everyday	0.0-1.4	15/69	4.4	78-98				OffensiveMoveSpinLeft CleanedGRS	walking
78_15	78	120	1.3	everyday	0.0-1.3	18/97	4.2	85-102				OffensiveMoveGoRight CleanedGRS	walking
78_16	78	120	1.6	everyday	0.0-1.6	17/91	4.8	82-100				OffensiveMoveGoLeft CleanedGRs	walking
78_17	78	120	1.5	everyday	0.0-1.5	18/99	3.9	82-101				OffensiveMoveSpinRight CleanedGRS	walking
78_18	78	120	1.8	everyday	0.0-1.8	17/102	4.8	81-110				WalkEvasiveLeft CleanedGRS	walking
78_19	78	120	1.5	everyday	0.0-1.5	17/88	4.2	80-107				WalkEvasiveRight CleanedGRS	walking
78_20	78	120	1.9	everyday	0.0-1.9	22/111	4.4	84-104				FeintLeftMoveRight CleanedGRS	walking
78_21	78	120	1.9	everyday	0.0-1.9	17/78	4.6	87-102				FeintRightMoveLeft CleanedGRS	walking
78_22	78	120	5.0	everyday	1.4-5.0	19/94	5.1	77-102				FakeShotBreakRight CleanedGRs	walking
78_23	78	120	4.3	everyday	0.4-4.3	18/97	4.6	81-102				FakeShotBreakLeft CleanedGRS	walking
78_24	78	120	2.0	everyday	0.6-2.0	19/82	3.6	83-104				DefensiveStraightNoStop CleanedGRS	walking
78_25	78	120	3.0	everyday	0.3-2.8	18/93	3.9	77-103				DefensiveStraightWithStop CleanedGRS	walking
78_26	78	120	2.7	everyday	0.0-2.7	16/84	3.9	72-98				DefensiveRightStopToStop CleanedGRS	walking
78_27	78	120	2.5	everyday	0.2-2.3	23/100	3.8	78-99				DefensiveLeftStopToStop CleanedGRS	walking
78_28	78	120	3.7	everyday	0.0-3.7	20/89	5.7	75-102				DefensiveMoveZigZag CleanedGRS	walking
78_29	78	120	1.4	everyday	0.0-1.4	23/87	3.1	77-97				DefensiveMoveSideToSide CleanedGRS	walking
78_30	78	120	5.9	everyday	0.0-5.9	23/99	9.0	69-102				DefensiveMoveSideToSide CleanedGRS	walking
78_31	78	120	6.6	everyday	0.1-6.6	22/137	4.3	79-107				Pivoting CleanedGRS	walking
78_32	78	120	1.8	everyday	0.0-1.8	18/87	4.7	88-100				SraightDriveFromStop Cleaned GRS	walking
78_33	78	120	1.9	everyday	0.0-1.9	20/94	4.9	84-99				RightDrive (left then right) Cleaned GRS	walking
78_34	78	120	2.5	everyday	0.3-2.5	17/88	5.1	83-101				LeftDrive (right then left) Cleaned GRS	walking
78_35	78	120	1.8	everyday	0.3-1.8	24/137	3.0	81-102				RightTightTurn CleanedGRS	walking
79_01	79	60	9.8	everyday	0.0-8.8	19/78	0.9	96-103		Chop_Wood		chopping wood	actor everyday activities
79_02	79	60	12.9	sports	1.6-12.3	22/105	0.6	104-106				swimming	actor everyday activities
79_03	79	60	14.0	sports	2.3-13.6	23/129	0.8	102-107				swimming	actor everyday activities
79_04	79	60	15.1	everyday	1.3-14.8	22/106	1.5	104-106		Dig		digging	actor everyday activities
79_05	79	60	16.3	everyday	1.8-16.3	14/61	0.2	105-105				sewing	actor everyday activities
79_06	79	60	9.8	gesture and talk	2.2-8.9	16/60	0.2	104-105				hand shake	actor everyday activities
79_07	79	60	5.5	calibration	0.0-5.5	18/72	0.4	101-105				lost marker	actor everyday activities
79_08	79	60	7.4	combat	1.8-6.8	17/62	0.5	99-105				boxing	actor everyday activities
79_09	79	60	14.0	everyday	1.3-12.4	11/57	0.2	105-105				slicing bread	actor everyday activities
79_10	79	60	11.7	everyday	0.7-11.7	11/53	0.3	104-105				chopping onions	actor everyday activities
79_11	79	60	2.2	calibration	2.0-2.2	14/37	0.0	95-95				Subject calibration	actor everyday activities
79_12	79	60	17.1	everyday	1.2-16.1	12/57	0.2	105-105			pick: Eat_Dinner (the tavern)	eating dinner	actor everyday activities
79_13	79	60	11.1	everyday	0.9-10.9	12/50	0.3	104-105				mixing batter	actor everyday activities
79_14	79	60	12.2	everyday	0.0-12.0	13/59	0.5	105-106				making dough	actor everyday activities
79_15	79	60	14.6	everyday	1.0-14.6	12/60	0.1	105-105				eating a sandwich	actor everyday activities
79_16	79	60	12.0	everyday	0.1-12.0	11/62	0.3	105-105				buying something	actor everyday activities
79_17	79	60	13.4	sit and lie	1.2-13.4	14/53	0.2	104-105			pick: Play_Violin (a bard)	playing violin	actor everyday activities
79_18	79	60	13.4	sit and lie	1.2-13.2	12/80	0.4	104-105			pick: Play_Drums (a bard)	playing drums	actor everyday activities
79_19	79	60	11.5	sit and lie	1.4-11.5	11/46	0.2	104-105				playing piano	actor everyday activities
79_20	79	60	12.4	climb	1.7-12.2	15/57	0.2	105-105			pick: Hammer_Picture (a carpenter)	hanging a picture	actor everyday activities
79_21	79	60	13.6	everyday	0.0-13.2	19/102	0.4	104-105				putting on a pull over	actor everyday activities
79_22	79	60	14.6	calibration	1.3-14.6	19/142	2.2	53-107	inverted			range of motion	actor everyday activities
79_23	79	60	12.2	everyday	0.0-11.8	18/77	0.4	104-105				putting on a jacket	actor everyday activities
79_24	79	60	12.4	everyday	1.8-12.3	17/62	0.4	104-105				putting on button up sweater	actor everyday activities
79_25	79	60	10.0	everyday	1.6-9.9	19/64	0.6	101-105		Carry_Heavy_Box		moving heavy box	actor everyday activities
79_26	79	60	17.2	everyday	1.6-17.0	17/61	0.7	104-106			pick: Plant_Tree (a farmer)	planting a tree	actor everyday activities
79_27	79	60	14.7	everyday	1.4-14.7	12/60	0.3	104-105				planting a plant	actor everyday activities
79_28	79	60	6.8	sports	1.5-6.0	15/72	0.1	104-105				putting on a ball cap	actor everyday activities
79_29	79	60	11.3	everyday	0.3-11.3	13/67	0.4	104-105				putting on a dress	actor everyday activities
79_30	79	60	13.3	everyday	1.8-13.1	17/72	1.4	97-106				pushing a swing	actor everyday activities
79_31	79	60	9.6	everyday	0.5-9.0	16/68	0.2	104-105			pick: Write_Chalkboard (a teacher)	writing on a chalkboard	actor everyday activities
79_32	79	60	16.1	everyday	1.0-15.6	17/69	0.3	104-105				writing on a chalkboard	actor everyday activities
79_33	79	60	9.7	other	1.3-9.7	15/51	0.3	105-106			pick: Chug_Beer (the tavern)	chug a beer	actor everyday activities
79_34	79	60	12.5	everyday	1.3-12.5	15/71	0.4	101-106		Fishing		fishing	actor everyday activities
79_35	79	60	19.9	everyday	2.4-19.9	17/74	0.8	98-106				fishing	actor everyday activities
79_36	79	60	8.6	everyday	1.8-8.6	13/49	0.3	104-106				answering the phone	actor everyday activities
79_37	79	60	10.0	everyday	1.5-10.0	15/98	0.3	104-105				dialing phone	actor everyday activities
79_38	79	60	9.0	everyday	0.0-9.0	16/58	0.4	104-105		Drink_Water		drinking water	actor everyday activities
79_39	79	60	13.5	everyday	0.6-13.4	18/57	0.5	103-105				sipping martinee	actor everyday activities
79_40	79	60	14.4	everyday	0.0-14.4	15/54	0.5	104-105				drinking a soda	actor everyday activities
79_41	79	60	18.5	everyday	0.0-18.5	12/49	0.3	104-105				sipping coffee	actor everyday activities
79_42	79	60	13.2	everyday	0.0-13.2	11/54	0.2	104-105				eating soup	actor everyday activities
79_43	79	60	16.4	everyday	1.7-16.4	14/58	0.3	104-105				painting	actor everyday activities
79_44	79	60	14.2	everyday	2.1-13.7	15/48	0.3	105-106				washing a window	actor everyday activities
79_45	79	60	14.4	animal and character	4.3-14.4	17/79	0.8	102-105				bear	actor everyday activities
79_46	79	60	21.6	animal and character	1.4-21.5	17/65	1.2	103-106				bear	actor everyday activities
79_47	79	60	20.6	animal and character	2.4-20.6	20/92	0.9	98-105				chicken	actor everyday activities
79_48	79	60	21.0	animal and character	0.4-20.2	19/89	1.5	102-106				elephant	actor everyday activities
79_49	79	60	17.3	animal and character	1.4-16.4	23/83	1.0	94-104				monkey	actor everyday activities
79_50	79	60	12.2	other	1.2-12.2	23/123	0.6	102-106				mouse	actor everyday activities
79_51	79	60	14.2	other	1.2-13.4	21/76	0.6	104-107				chipmunk	actor everyday activities
79_52	79	60	15.0	animal and character	1.9-14.9	23/71	1.4	102-107				prairie dog	actor everyday activities
79_53	79	60	12.4	animal and character	1.3-12.2	19/98	0.5	100-105				dog	actor everyday activities
79_54	79	60	19.4	animal and character	0.0-18.1	22/82	0.9	103-106				snake	actor everyday activities
79_55	79	60	10.7	everyday	1.8-10.0	14/63	0.9	103-105				sweeping	actor everyday activities
79_56	79	60	14.3	animal and character	0.0-14.3	24/94	1.2	97-105				T-rex	actor everyday activities
79_57	79	60	16.1	everyday	1.5-15.8	22/148	0.6	103-106				fish	actor everyday activities
79_58	79	60	14.1	animal and character	0.0-12.8	26/103	0.9	103-106				bird	actor everyday activities
79_59	79	60	14.2	animal and character	1.7-13.9	19/79	0.5	103-106				cat	actor everyday activities
79_60	79	60	13.3	animal and character	1.4-12.4	18/69	0.6	104-105				chicken	actor everyday activities
79_61	79	60	18.2	other	1.1-18.2	21/90	0.4	104-106				cow	actor everyday activities
79_62	79	60	14.1	animal and character	1.0-14.1	18/84	0.7	104-106				chicken	actor everyday activities
79_63	79	60	18.2	animal and character	0.6-17.4	19/68	0.9	104-107				tiger	actor everyday activities
79_64	79	60	18.0	animal and character	5.1-17.1	19/92	1.3	103-105				penguin	actor everyday activities
79_65	79	60	10.9	animal and character	1.1-10.3	20/97	0.6	103-107				horse	actor everyday activities
79_66	79	60	12.0	everyday	2.2-12.0	17/78	1.0	98-102				movie and trial dont match	actor everyday activities
79_67	79	60	21.0	everyday	0.0-21.0	14/76	2.2	104-106				no movie	actor everyday activities
79_68	79	60	19.7	other	0.0-19.6	14/114	2.2	104-106				cold	actor everyday activities
79_69	79	60	13.6	gesture and talk	1.5-12.4	14/71	1.0	95-105				very happy	actor everyday activities
79_70	79	60	12.7	gesture and talk	1.2-12.2	14/91	1.1	98-105				laughing	actor everyday activities
79_71	79	60	18.0	gesture and talk	1.1-17.0	15/75	0.9	102-105				sad	actor everyday activities
79_72	79	60	15.9	gesture and talk	0.0-15.9	17/68	0.7	102-105				crying	actor everyday activities
79_73	79	60	14.8	gesture and talk	0.7-14.2	15/81	0.9	102-105				scared	actor everyday activities
79_74	79	60	15.4	gesture and talk	2.4-15.2	15/150	1.2	99-105				upset	actor everyday activities
79_75	79	60	21.5	other	0.0-21.0	11/63	0.5	104-105				channel surfing	actor everyday activities
79_76	79	60	20.9	other	1.2-20.9	13/64	0.9	102-105				driving	actor everyday activities
79_77	79	60	19.1	everyday	1.1-19.0	17/86	2.1	0-105				vacuuming	actor everyday activities
79_78	79	60	21.2	everyday	0.9-21.2	18/63	0.6	104-106				taking a movie	actor everyday activities
79_79	79	60	14.0	everyday	0.0-14.0	15/74	0.6	98-102				putting on headphones	actor everyday activities
79_80	79	60	16.4	everyday	0.0-16.4	10/58	0.2	101-102				using a palm pilot	actor everyday activities
79_81	79	60	15.7	other	0.0-15.7	12/68	0.5	101-104				brushing teeth	actor everyday activities
79_82	79	60	12.8	everyday	1.2-12.5	13/55	0.4	101-103				putting on deoderant	actor everyday activities
79_83	79	60	20.0	everyday	0.0-20.0	16/79	0.4	101-103				shaving	actor everyday activities
79_84	79	60	14.6	other	1.1-13.6	17/80	0.3	100-102				combing hair	actor everyday activities
79_85	79	60	17.5	everyday	0.9-16.2	11/58	0.3	101-102				typing on a laptop	actor everyday activities
79_86	79	60	11.3	sports	1.6-10.5	16/69	0.5	100-102				shooting bow and arrow	actor everyday activities
79_87	79	60	13.2	everyday	1.8-13.2	16/70	0.7	104-106				raking	actor everyday activities
79_88	79	60	15.1	combat	1.1-13.1	14/102	0.5	100-104				swatting at a fly	actor everyday activities
79_89	79	60	14.7	animal and character	0.9-14.7	15/78	0.7	99-104				holding a baby	actor everyday activities
79_90	79	60	22.6	everyday	0.9-21.7	17/110	0.8	100-103				washing	actor everyday activities
79_91	79	60	8.3	sports	1.1-7.8	17/106	0.6	94-103				football	actor everyday activities
79_92	79	60	10.6	sports	1.4-9.8	15/75	0.9	97-102				frisbee	actor everyday activities
79_93	79	60	19.0	everyday	0.0-19.0	24/118	0.8	95-102				weight lifting	actor everyday activities
79_94	79	60	15.6	other	0.3-14.4	16/68	1.0	96-102				flexing	actor everyday activities
79_95	79	60	15.7	sports	1.0-15.0	15/100	1.3	98-102				rowing	actor everyday activities
79_96	79	60	9.3	sports	1.5-8.7	16/67	0.2	101-102				shooting a gun	actor everyday activities
80_01	80	60	14.1	gesture and talk	0.0-14.1	18/138	0.3	102-103		Shake_Hands		shaking hands	assorted motions
80_02	80	60	11.7	everyday	1.7-11.7	18/74	0.2	103-103				chopping onions	assorted motions
80_03	80	60	11.0	sports	1.4-10.5	20/96	0.7	102-105			pick: Shoot_Gun (a gunner)	shooting a gun	assorted motions
80_04	80	60	18.4	everyday	0.8-18.4	18/90	0.2	103-103				sewing	assorted motions
80_05	80	60	19.3	everyday	1.6-19.2	26/139	1.5	103-104				digging a hole	assorted motions
80_06	80	60	16.0	everyday	0.0-16.0	19/93	0.3	103-103				paying for something	assorted motions
80_07	80	60	26.0	climb	2.2-25.0	21/162	1.4	99-105				hanging picture	assorted motions
80_08	80	60	14.6	everyday	0.0-14.6	25/146	0.5	103-105				picking up something	assorted motions
80_09	80	60	25.3	everyday	2.2-24.6	50/212	2.1	96-104	inverted loose			planting a flower	assorted motions
80_10	80	60	12.9	combat	1.7-12.4	21/121	1.1	103-105				boxing	assorted motions
80_11	80	60	11.7	everyday	0.0-10.9	21/173	0.5	103-104				putting on a sweater	assorted motions
80_12	80	60	26.8	everyday	0.0-26.8	19/132	1.5	102-110				fishing	assorted motions
80_13	80	60	16.9	everyday	1.8-16.9	19/124	0.8	103-104				drumming	assorted motions
80_14	80	60	28.9	gesture and talk	0.0-28.6	19/75	1.2	103-104				teaching	assorted motions
80_15	80	60	20.6	everyday	0.0-19.8	21/135	0.6	102-104				putting on a coat	assorted motions
80_16	80	60	21.0	everyday	0.0-20.6	19/82	0.5	102-103				mixing batter	assorted motions
80_17	80	60	24.0	everyday	0.0-23.5	18/80	0.6	102-103				hand mixing dough	assorted motions
80_18	80	60	25.2	everyday	0.0-24.9	24/99	1.1	102-104				vacuuming	assorted motions
80_19	80	60	30.4	everyday	3.6-29.9	22/109	1.8	102-103				pushing broom	assorted motions
80_20	80	60	33.7	everyday	0.0-33.5	20/78	0.8	102-103				planting	assorted motions
80_21	80	60	23.3	everyday	1.8-22.9	22/102	1.3	102-106				pushing swing	assorted motions
80_22	80	60	17.6	everyday	0.0-17.5	20/155	0.3	103-103				putting on a hat	assorted motions
80_23	80	60	17.0	everyday	0.0-16.6	19/77	0.6	102-104				putting on a skirt	assorted motions
80_24	80	60	29.7	everyday	0.0-29.7	18/113	0.6	102-103				eating	assorted motions
80_25	80	60	18.4	everyday	0.0-16.9	17/76	0.4	102-104				answering a phone	assorted motions
80_26	80	60	20.5	everyday	0.0-20.5	17/72	0.4	102-103				dialing phone	assorted motions
80_27	80	60	18.1	everyday	0.0-17.8	19/99	0.4	102-103				setting glass of water	assorted motions
80_28	80	60	20.3	everyday	0.0-20.3	20/133	0.5	102-103				drinking and smoking	assorted motions
80_29	80	60	18.8	other	0.0-18.3	22/125	0.3	102-103				chugging	assorted motions
80_30	80	60	43.2	calibration	0.1-42.9	26/161	1.6	49-106				range of motion	assorted motions
80_31	80	60	26.0	everyday	0.0-25.4	18/74	0.5	102-103				making coffee	assorted motions
80_32	80	60	26.9	everyday	0.0-26.9	18/82	0.6	102-103				slicing	assorted motions
80_33	80	60	32.3	everyday	0.0-31.7	18/99	0.5	102-103				eating soup	assorted motions
80_34	80	60	34.8	everyday	2.0-33.7	26/114	3.5	102-105		Rake_Leaves		rake leaves	assorted motions
80_35	80	60	32.4	everyday	0.0-32.1	19/132	0.6	102-103				putting on headphones	assorted motions
80_36	80	60	28.1	everyday	0.0-28.1	21/100	0.5	102-103				violin	assorted motions
80_37	80	60	44.8	other	0.0-44.4	22/102	1.7	102-104				TV	assorted motions
80_38	80	60	41.1	other	1.6-40.3	18/95	1.9	101-103				driving	assorted motions
80_39	80	60	30.4	undescribed	1.0-30.4	23/121	0.9	102-104					assorted motions
80_40	80	60	15.2	everyday	1.8-15.2	21/111	0.2	103-104				drinking from bottle	assorted motions
80_41	80	60	17.7	gesture and talk	0.0-17.7	20/119	0.5	102-104				freezing	assorted motions
80_42	80	60	20.6	gesture and talk	0.0-20.6	23/104	0.6	103-105				freezing	assorted motions
80_43	80	60	16.3	gesture and talk	0.0-15.6	21/214	0.9	98-108				happy	assorted motions
80_44	80	60	15.5	gesture and talk	1.1-14.8	19/144	1.4	101-105				laughing	assorted motions
80_45	80	60	26.7	gesture and talk	0.0-26.5	20/135	0.4	102-103				crying	assorted motions
80_46	80	60	26.5	gesture and talk	0.0-26.5	22/145	0.8	102-104				crying	assorted motions
80_47	80	60	16.7	undescribed	1.7-15.7	22/355	1.0	102-105					assorted motions
80_48	80	60	19.2	other	2.6-16.7	19/183	1.0	102-103				arguing	assorted motions
80_49	80	60	31.1	animal and character	1.8-30.2	20/74	1.8	102-105				gorilla	assorted motions
80_50	80	60	20.9	everyday	0.3-20.9	21/73	0.8	103-104				cleaning window	assorted motions
80_51	80	60	25.0	animal and character	0.0-24.7	26/178	0.8	103-104				chicken	assorted motions
80_52	80	60	26.2	animal and character	0.0-25.6	31/133	0.9	102-105	loose			dog	assorted motions
80_53	80	60	30.1	animal and character	0.0-29.2	23/190	1.6	102-104				elephant	assorted motions
80_54	80	60	27.1	animal and character	2.2-27.1	27/151	1.1	103-105				monkey	assorted motions
80_55	80	60	22.9	other	1.8-22.2	21/262	0.6	103-104				mouse	assorted motions
80_56	80	60	11.5	other	0.0-10.3	20/134	0.6	79-104				chip monk	assorted motions
80_57	80	60	27.0	animal and character	2.8-26.2	24/124	1.8	97-104	inverted			prairie dog	assorted motions
80_58	80	60	39.2	animal and character	0.0-39.2	22/108	0.8	102-104				snake	assorted motions
80_59	80	60	25.6	animal and character	0.0-25.0	24/146	1.8	103-105				panther	assorted motions
80_60	80	60	34.3	undescribed	0.0-33.6	28/109	2.3	100-104					assorted motions
80_61	80	60	17.6	everyday	0.5-16.0	21/76	1.5	102-104				sweeping	assorted motions
80_62	80	60	38.1	animal and character	1.9-36.9	26/95	1.4	102-105				bird	assorted motions
80_63	80	60	37.9	animal and character	5.1-37.3	33/192	2.0	97-104	inverted loose			chicken	assorted motions
80_64	80	60	40.6	animal and character	0.0-40.6	25/196	1.0	102-104				cat	assorted motions
80_65	80	60	30.3	everyday	1.7-29.7	20/87	1.2	102-104				fish	assorted motions
80_66	80	60	34.5	undescribed	0.0-32.9	21/117	0.9	102-104	inverted				assorted motions
80_67	80	60	35.9	undescribed	0.0-35.9	26/188	2.6	109-110					assorted motions
80_68	80	60	46.2	undescribed	0.0-44.6	18/99	0.6	102-104					assorted motions
80_69	80	60	71.3	everyday	2.6-70.4	34/157	3.8	97-106	inverted loose			painting	assorted motions
80_70	80	60	30.0	everyday	1.6-28.8	19/125	0.8	102-103				piano	assorted motions
80_71	80	60	18.1	everyday	0.0-18.0	24/172	2.2	103-106				chopping wood	assorted motions
80_72	80	60	18.1	sports	0.0-18.1	23/99	1.3	102-105				swimming	assorted motions
80_73	80	60	13.2	gesture and talk	0.7-12.4	18/76	1.0	102-104				shaking hands	assorted motions
81_01	81	120	10.4	locomotion	0.6-10.4	13/65	3.9	102-105				fix hair and walk forward	pushing a box; jumping off a ledge; walks
81_02	81	120	4.5	locomotion	0.1-4.5	14/70	4.3	100-105				walk forward	pushing a box; jumping off a ledge; walks
81_03	81	120	9.0	locomotion	0.4-7.4	13/63	4.4	102-106				walk	pushing a box; jumping off a ledge; walks
81_04	81	120	8.0	locomotion	0.1-8.0	12/69	4.4	101-105				walk at a brisk pace	pushing a box; jumping off a ledge; walks
81_05	81	120	11.4	everyday	0.3-11.4	16/71	3.7	78-106				push heavy object	pushing a box; jumping off a ledge; walks
81_06	81	120	10.6	everyday	0.0-10.6	15/80	3.7	78-104				push heavy box	pushing a box; jumping off a ledge; walks
81_07	81	120	10.1	everyday	0.0-10.1	15/58	2.7	53-104				pull heavy object	pushing a box; jumping off a ledge; walks
81_08	81	120	11.5	everyday	0.0-11.5	16/84	3.4	54-105				drag heavy object	pushing a box; jumping off a ledge; walks
81_09	81	120	11.6	everyday	0.4-11.6	21/119	3.6	70-105				drag heavy object	pushing a box; jumping off a ledge; walks
81_10	81	120	14.8	everyday	0.0-14.8	11/65	2.7	102-107				push object that is high in air	pushing a box; jumping off a ledge; walks
81_11	81	120	14.1	everyday	0.0-14.1	12/57	3.0	102-107				push object that is high in air	pushing a box; jumping off a ledge; walks
81_12	81	120	4.2	climb	0.4-4.2	15/82	1.8	82-178				jump backwards off ledge	pushing a box; jumping off a ledge; walks
81_13	81	120	5.4	climb	0.2-5.2	13/80	1.7	81-174				jump backwards off ledge	pushing a box; jumping off a ledge; walks
81_14	81	120	17.4	climb	0.0-17.4	13/69	3.2	82-177	floats			climb backwards off ledge	pushing a box; jumping off a ledge; walks
81_15	81	120	16.9	climb	0.0-16.9	14/84	3.0	92-175	floats			climb backwards off ledge	pushing a box; jumping off a ledge; walks
81_16	81	120	0.1	undescribed	0.0-0.1	9/29	0.0	97-97	short				pushing a box; jumping off a ledge; walks
81_17	81	120	7.6	locomotion	2.0-7.6	13/65	3.8	102-106				walk forward	pushing a box; jumping off a ledge; walks
81_18	81	120	9.6	locomotion	0.5-9.6	12/64	3.6	101-105				adjust hair walk forward	pushing a box; jumping off a ledge; walks
82_01	82	120	0.1	jump	0.0-0.1	12/35	0.0	91-91	short			Static pose	jumping; pushing; emotional walks
82_02	82	120	15.1	climb	1.9-15.1	15/83	4.5	85-185	floats			Jump off ledge	jumping; pushing; emotional walks
82_03	82	120	15.8	climb	0.3-15.8	23/285	4.6	65-184	floats			Jump off ledge	jumping; pushing; emotional walks
82_04	82	120	7.6	climb	0.9-7.4	18/95	3.4	62-221				Jump off ledge	jumping; pushing; emotional walks
82_05	82	120	18.7	sit and lie	0.0-18.7	19/106	0.4	16-19				sitting on ground relaxing	jumping; pushing; emotional walks
82_06	82	120	9.1	everyday	0.3-9.1	22/104	3.5	78-103	inverted			Pushing on heavy object	jumping; pushing; emotional walks
82_07	82	120	10.0	everyday	0.3-10.0	20/126	4.4	81-104				Pushing on heavy object	jumping; pushing; emotional walks
82_08	82	120	14.2	locomotion	8.3-14.2	17/81	4.2	101-105				stand still; casual walk forward	jumping; pushing; emotional walks
82_09	82	120	10.8	locomotion	5.4-10.8	18/80	3.6	101-105				confident walk forward	jumping; pushing; emotional walks
82_10	82	120	4.7	gesture and talk	0.6-4.7	20/95	3.2	101-105				sad walk forward	jumping; pushing; emotional walks
82_11	82	120	5.8	locomotion	0.4-5.8	21/100	3.4	102-105				normal walk forward	jumping; pushing; emotional walks
82_12	82	120	3.3	gesture and talk	0.0-3.3	16/79	4.4	99-105				happy or fast walk forward	jumping; pushing; emotional walks
82_13	82	120	3.4	locomotion	0.0-3.4	17/78	4.6	98-104				normal walk forward	jumping; pushing; emotional walks
82_14	82	120	7.6	locomotion	0.0-7.1	15/87	3.9	93-104				walk forward and slow down	jumping; pushing; emotional walks
82_15	82	120	6.0	locomotion	0.0-5.8	14/84	4.5	100-105				walk forward and turn sideways	jumping; pushing; emotional walks
82_16	82	120	11.1	jump	0.0-11.1	17/94	0.9	103-106				bang on high object	jumping; pushing; emotional walks
82_17	82	120	13.2	jump	0.2-13.2	17/89	1.3	103-106				bang on high object	jumping; pushing; emotional walks
82_18	82	120	0.1	jump	0.0-0.1	11/43	0.0	99-99	short			static pose	jumping; pushing; emotional walks
83_01	83	120	5.3	locomotion	2.1-4.6	25/71	1.2	94-116				large sidestep to right	steps
83_02	83	120	3.0	climb	0.0-2.9	27/77	0.5	104-121				sidestep to the right and up a ledge	steps
83_03	83	120	5.6	climb	0.0-5.1	27/77	0.9	97-121				large step to a short ledge	steps
83_04	83	120	3.9	locomotion	0.2-3.6	27/80	0.9	96-121				large sidestep to right	steps
83_05	83	120	4.0	locomotion	0.5-4.0	24/88	1.2	87-122				very large sidestep to right	steps
83_06	83	120	3.3	locomotion	0.0-3.3	24/69	1.1	97-126				very large sidestep to right and down	steps
83_07	83	120	3.5	locomotion	0.0-3.4	26/75	0.4	109-126				short sidestep to right and down	steps
83_08	83	120	3.8	locomotion	0.7-3.8	27/73	0.8	108-126				medium step forward and down	steps
83_09	83	120	3.8	locomotion	0.0-3.2	29/83	0.5	109-126				short step forward and down	steps
83_10	83	120	4.0	locomotion	0.5-4.0	27/70	0.8	108-125				medium step forward and down	steps
83_11	83	120	0.8	locomotion	0.0-0.5	16/62	0.0	75-76	short			static pose	steps
83_12	83	120	4.2	locomotion	0.3-4.2	28/87	0.9	105-126				medium sidestep to right and down	steps
83_13	83	120	4.2	locomotion	0.8-3.9	26/68	1.1	97-126				large sidestep to right	steps
83_14	83	120	3.6	locomotion	0.0-3.3	30/91	0.4	110-126				short sidestep to left and down	steps
83_15	83	120	4.3	locomotion	1.1-3.5	31/80	0.8	106-126	loose			short step forward	steps
83_16	83	120	4.2	locomotion	0.6-3.5	28/80	0.9	105-126				medium sidestep to left and down	steps
83_17	83	120	4.4	locomotion	1.0-3.5	27/73	1.2	96-126				medium step to left and down	steps
83_18	83	120	3.9	locomotion	0.0-3.6	33/83	0.5	114-116	loose			short step to left and forward	steps
83_19	83	120	4.2	locomotion	1.3-3.9	30/78	0.9	104-115				medium sidestep to left	steps
83_20	83	120	4.4	locomotion	1.2-3.7	31/87	0.8	107-116	loose			medium step forward	steps
83_21	83	120	4.3	locomotion	1.1-3.7	29/75	1.1	95-115				large step to left and forward	steps
83_22	83	120	44.8	exercise	3.0-44.6	26/91	4.6	44-108				stretching	steps
83_23	83	120	4.5	locomotion	0.0-3.9	28/77	0.6	105-121				short sidestep to left and up	steps
83_24	83	120	4.4	locomotion	1.2-4.4	30/82	1.0	98-121				medium step to left and up	steps
83_25	83	120	4.5	locomotion	0.0-4.5	30/82	0.9	100-121				short step forward and up	steps
83_26	83	120	4.3	locomotion	1.1-3.8	29/88	1.2	89-120				medium step to left, forward, and up	steps
83_27	83	120	8.2	locomotion	1.3-7.6	29/78	2.7	102-146				walk forward stepping up stairs	steps
83_28	83	120	7.8	locomotion	0.0-7.1	28/69	2.8	101-145				walk forward stepping up stairs	steps
83_29	83	120	7.9	locomotion	0.1-7.9	28/71	3.0	102-145				walk forward stepping up stairs	steps
83_30	83	120	8.4	locomotion	1.8-7.8	28/71	3.1	101-145				walk forward stepping up stairs	steps
83_31	83	120	7.8	locomotion	1.0-7.8	28/78	2.7	101-161				walk forward stepping up stairs	steps
83_32	83	120	8.7	locomotion	1.5-8.0	31/96	2.7	101-161	loose			walk forward stepping up stairs	steps
83_33	83	120	10.8	locomotion	0.0-10.5	27/78	1.4	114-117				sidestep to right then back to left	steps
83_34	83	120	8.1	locomotion	0.0-7.7	28/72	3.0	101-161				walk forward and up stairs	steps
83_35	83	120	8.7	locomotion	1.4-7.7	28/75	3.0	102-161				walk forward and stepping up stairs	steps
83_36	83	120	8.8	locomotion	1.5-8.8	29/86	4.4	99-105				walk forward turn 90 degrees left walk forward	steps
83_37	83	120	8.0	locomotion	0.1-8.0	30/120	4.7	98-104	loose			walk forward turn 90 degrees right walk forward	steps
83_38	83	120	8.4	locomotion	1.7-8.4	30/123	4.7	98-105	loose			walk forward turn 90 degrees left walk forward	steps
83_39	83	120	8.1	locomotion	1.0-8.1	28/74	4.4	97-104				walk forward turn 90 degrees right walk forward	steps
83_40	83	120	4.4	jump	0.0-4.0	27/81	0.6	94-121				hop forward	steps
83_41	83	120	3.9	jump	1.4-3.7	23/62	0.6	92-125				hop forward	steps
83_42	83	120	4.5	jump	0.0-3.8	23/68	1.1	85-128				long jump forward	steps
83_43	83	120	5.0	jump	1.8-4.2	22/72	1.8	74-132				long jump forward	steps
83_44	83	120	5.5	locomotion	0.0-5.5	28/76	0.9	107-116				medium step forward	steps
83_45	83	120	4.1	jump	0.0-3.7	23/76	0.6	83-152				hop forward	steps
83_46	83	120	4.2	jump	1.3-3.6	22/66	1.1	79-153				medium hop forward	steps
83_47	83	120	5.2	jump	1.5-4.2	19/74	2.0	59-150				long jump forward	steps
83_48	83	120	3.7	jump	0.0-3.3	23/61	0.5	95-121				short hop forward	steps
83_49	83	120	3.8	jump	1.5-3.3	25/91	1.1	86-124				medium hop forward	steps
83_50	83	120	4.4	jump	1.7-3.9	20/66	1.8	58-128				long jump forward	steps
83_51	83	120	4.9	jump	0.0-4.0	23/66	0.3	93-132				hop turn 90 degrees left in air	steps
83_52	83	120	4.2	jump	1.9-3.7	21/77	0.3	82-149				hop turn 90 degrees left in air	steps
83_53	83	120	4.5	jump	1.7-4.0	20/68	0.4	74-163				hop turn 90 degrees left in air	steps
83_54	83	120	3.5	jump	0.0-3.5	21/60	0.3	85-136				hop turn 180 degrees left in air	steps
83_55	83	120	6.1	locomotion	2.6-5.3	29/79	0.9	107-117				medium sidestep to right	steps
83_56	83	120	4.2	jump	1.5-3.3	21/54	0.3	80-151				hop turn left 180 degrees in air	steps
83_57	83	120	3.4	jump	0.8-3.0	18/70	0.5	73-165				hop turn left 180 degrees in air	steps
83_58	83	120	3.0	jump	0.6-2.2	20/60	0.4	85-136				hop turn left 270 degrees in air	steps
83_59	83	120	5.0	jump	2.3-4.8	22/64	0.6	81-154				hop turn left 270 degrees in air	steps
83_60	83	120	3.4	jump	0.3-3.4	19/82	0.6	78-162				hop turn left 270 degrees in air	steps
83_61	83	120	4.2	jump	1.2-3.2	18/55	0.8	85-149				hop turn 360 degrees left in air	steps
83_62	83	120	3.9	jump	1.0-3.5	20/65	0.8	77-162				hop turn left 360 degrees in air	steps
83_63	83	120	5.7	locomotion	2.4-5.0	26/74	1.2	95-116				large sidestep to right and forward	steps
83_64	83	120	4.8	jump	2.0-4.2	20/95	0.8	76-155				hop and turn right 360 degrees in air	steps
83_65	83	120	3.3	jump	0.7-3.3	19/65	0.8	77-150				hop and turn right 360 degrees in air	steps
83_66	83	120	5.6	locomotion	0.0-5.3	28/79	0.6	113-116				short sidestep to right	steps
83_67	83	120	5.6	locomotion	0.0-5.0	28/81	0.9	106-116				short sidestep to the right	steps
83_68	83	120	5.5	locomotion	0.0-5.5	27/85	1.1	106-116				medium sidestep to right	steps
84_01	84	120	3.9	undescribed	0.0-3.9	22/75	3.5	105-112	fps?				
84_02	84	120	2.2	undescribed	0.2-2.2	16/59	3.2	102-110	fps?				
84_03	84	120	3.3	undescribed	1.0-3.3	19/72	1.8	101-111	fps?				
84_04	84	120	2.6	undescribed	0.5-2.5	18/73	2.4	97-117	fps?				
84_05	84	120	2.7	undescribed	0.7-2.1	18/74	0.8	99-107	fps?				
84_06	84	120	2.7	undescribed	0.7-2.0	21/82	1.1	99-109	fps?				
84_07	84	120	2.6	undescribed	0.0-2.1	27/93	0.4	60-111	fps?				
84_08	84	120	1.4	undescribed	0.0-1.4	29/72	0.4	53-110	fps?				
84_09	84	120	1.7	undescribed	0.0-1.2	17/96	0.0	80-81	fps?				
84_10	84	120	2.8	undescribed	0.0-2.6	17/81	0.5	101-106	fps?				
84_11	84	120	2.9	undescribed	0.0-2.5	21/79	0.7	95-105	fps?				
84_12	84	120	2.5	undescribed	0.0-1.8	20/87	0.1	100-105	fps? floats				
84_13	84	120	21.0	undescribed	0.0-20.6	18/89	4.5	41-108	fps?				
84_14	84	120	3.7	undescribed	0.0-3.4	19/86	2.9	104-148	fps?				
84_15	84	120	3.7	undescribed	0.9-3.4	20/70	2.9	105-147	fps?				
84_16	84	120	4.1	undescribed	0.8-3.3	18/70	2.7	104-161	fps? floats				
84_17	84	120	4.3	undescribed	0.7-3.3	19/75	2.9	105-160	fps? floats				
84_18	84	120	4.1	undescribed	0.1-3.5	18/82	2.9	104-178	fps? floats				
84_19	84	120	4.1	undescribed	0.8-3.4	19/68	2.8	104-178	fps? floats				
84_20	84	120	4.8	undescribed	0.0-4.8	18/66	4.7	104-111	fps?				
85_01	85	120	8.3	jump	1.9-7.9	17/79	4.7	71-148	inverted	Jump_Twist		JumpTwist	jumps; flips; breakdance
85_02	85	120	6.7	jump	1.5-6.4	17/99	3.7	45-148	inverted			JumpTwist	jumps; flips; breakdance
85_03	85	120	27.0	acrobatics	4.0-25.6	17/93	12.3	45-107				UpRightSequence	jumps; flips; breakdance
85_04	85	120	21.3	acrobatics	2.4-20.7	20/272	10.3	33-104	inverted			FancyFootWork	jumps; flips; breakdance
85_05	85	120	13.6	acrobatics	1.3-12.3	20/120	3.6	40-121	inverted		pick: Handstand_Kicks (an acrobat)	HandStandKicks	jumps; flips; breakdance
85_06	85	120	7.9	acrobatics	1.8-7.9	17/100	3.4	19-123	inverted			KickFlip	jumps; flips; breakdance
85_07	85	120	8.0	acrobatics	0.3-6.7	16/113	3.6	26-125	inverted			KickFlipStumble	jumps; flips; breakdance
85_08	85	120	8.5	acrobatics	1.4-8.5	19/148	3.8	23-104	inverted	Breakdance_Helicopter		Helicopter	jumps; flips; breakdance
85_09	85	120	2.1	calibration	1.9-2.1	10/37	0.0	86-87				motorcycle pose	jumps; flips; breakdance
85_10	85	120	6.4	acrobatics	0.0-5.9	23/172	2.6	35-110	inverted			EndofBreakDance	jumps; flips; breakdance
85_11	85	120	15.0	acrobatics	1.0-15.0	15/138	6.2	50-107	inverted			UpRightSequence	jumps; flips; breakdance
85_12	85	120	37.5	acrobatics	3.0-36.2	17/111	17.8	31-110	inverted			LongSequenceGood	jumps; flips; breakdance
85_13	85	120	12.0	locomotion	1.2-11.1	19/109	5.8	38-103	inverted			BadStartSequnce	jumps; flips; breakdance
85_14	85	120	24.7	acrobatics	0.6-23.2	17/112	12.7	30-111	inverted			BreakSequencewithFlips	jumps; flips; breakdance
85_15	85	120	11.0	acrobatics	2.2-10.2	24/222	4.4	19-104	inverted			90TwistsFall	jumps; flips; breakdance
86_01	86	120	38.2	combat	0.0-38.2	23/142	13.1	67-124				jumps kicks and punches	sports and various activities
86_02	86	120	88.5	combat	0.0-88.5	22/127	29.2	57-141				walk, squats, run, stretch, jumps, punches, and drinking	sports and various activities
86_03	86	120	70.0	combat	0.0-70.0	21/101	34.0	65-127				walking, running, jumping, kicking, and stretching	sports and various activities
86_04	86	120	84.0	combat	0.0-84.0	24/107	20.9	104-108				walking, stretching, punching, chopping, and drinking	sports and various activities
86_05	86	120	69.5	combat	0.0-69.5	21/112	22.8	78-137				walking, jumping, jumping jacks, jumping on one foot, punching, chopping,	sports and various activities
86_06	86	120	82.8	combat	0.0-82.8	21/304	33.4	85-106				walking, running, kicking, punching, knee kicking, and stretching	sports and various activities
86_07	86	120	72.5	jump	0.0-72.5	22/101	32.5	70-130				walking, swinging arms, stretching, jumping on one leg, and jumping	sports and various activities
86_08	86	120	76.7	combat	0.0-76.7	22/137	29.1	58-107				walking, squats, stretching, kicking, and punching	sports and various activities
86_09	86	120	39.9	sit and lie	0.0-39.9	19/100	11.6	90-107				walking, sitting, looking, stand up	sports and various activities
86_10	86	120	63.2	sit and lie	0.0-63.2	20/102	38.0	89-107				walk around, sit, stand up, and running	sports and various activities
86_11	86	120	47.3	exercise	0.0-47.3	22/122	15.1	103-107				walking, stretching, walking and turning	sports and various activities
86_12	86	120	73.8	everyday	0.0-73.8	19/384	22.7	79-107	inverted			walking, dragging, sweeping, dustpan, wipe window, and wipe mirror	sports and various activities
86_13	86	120	51.8	climb	0.0-51.8	21/117	15.6	101-166				walking around, walk up ladder, step down ladder	sports and various activities
86_14	86	120	50.5	sports	0.0-50.5	20/97	26.6	87-137				bouncing basketball, shooting basketball, dribble basketball, two handed dribble	sports and various activities
86_15	86	120	59.1	sit and lie	0.0-59.1	16/362	12.4	75-108				walking, sitting, hand motions	sports and various activities
87_01	87	60	10.3	combat	0.0-10.3	17/109	3.6	84-129	inverted		pick: Spin_Jump_Kick (a second tornado kick)	Jump with kick and spin	acrobatics
87_02	87	60	5.7	calibration	0.0-0.4	15/82	0.1	96-97				T-Pose	acrobatics
87_03	87	60	4.1	acrobatics	1.5-3.9	15/144	2.2	77-142	inverted	Backflip		Backflip	acrobatics
87_04	87	60	3.6	acrobatics	1.1-3.6	16/152	1.9	79-144	inverted			backflip	acrobatics
87_05	87	60	8.5	acrobatics	0.0-8.5	25/116	10.0	88-112	inverted		pick: Cartwheels (a second cartwheel)	cartwheels	acrobatics
88_01	88	60	3.4	acrobatics	0.0-2.8	17/91	1.6	67-142	inverted			backflip	acrobatics
88_02	88	60	55.5	acrobatics	1.2-55.5	22/137	25.9	61-203	inverted			backflips, jump onto platform, handstands, vertical pushups	acrobatics
88_03	88	60	5.9	calibration	0.0-0.3	19/68	0.0	95-96				motorcycle pose	acrobatics
88_04	88	60	20.7	acrobatics	1.8-20.7	19/89	14.4	18-121	inverted			stretches, cartwheels, flips, spin kicks, spins, and fall	acrobatics
88_05	88	60	2.5	acrobatics	0.0-2.3	24/124	4.7	88-163	inverted			cartwheel into backflip	acrobatics
88_06	88	60	3.8	combat	0.0-3.6	26/361	3.2	72-126	inverted			jump and spin kick	acrobatics
88_07	88	60	2.6	acrobatics	0.0-2.6	25/96	2.7	87-107	inverted			cartwheel	acrobatics
88_08	88	60	4.8	acrobatics	0.8-4.8	25/132	2.7	31-110	inverted			crouch and flip backward on hands	acrobatics
88_09	88	60	6.3	acrobatics	0.6-6.3	22/109	3.7	31-114	inverted			stretch and cartwheel	acrobatics
88_10	88	60	7.8	exercise	0.2-6.9	20/97	1.7	94-113				stretch and spin	acrobatics
88_11	88	60	33.8	jump	0.0-33.8	20/200	6.6	40-137	inverted			stretches and jumps	acrobatics
89_01	89	60	38.2	exercise	0.3-38.2	22/103	6.6	45-104				balance object on forehead	acrobatics
89_02	89	60	3.9	calibration	1.3-2.9	15/68	0.1	98-99				motorcycle pose	acrobatics
89_03	89	60	4.5	acrobatics	0.2-4.5	23/106	2.2	85-109	inverted			flip and stand on one hand	acrobatics
89_04	89	60	31.9	acrobatics	0.2-31.9	20/157	15.9	28-128	inverted			spins, flips, stand on one hand	acrobatics
89_05	89	60	74.1	acrobatics	2.2-74.1	23/212	32.4	30-201	inverted			spin upside down, handstand, flips	acrobatics
89_06	89	60	68.3	exercise	0.0-68.3	16/94	17.9	67-172	inverted floats			balance beam	acrobatics
90_01	90	120	6.6	acrobatics	2.0-5.6	19/143	2.6	10-107	inverted			bkwd summersult	cartwheels; acrobatics; dances
90_02	90	120	6.5	acrobatics	0.0-6.5	16/90	3.6	89-107	inverted			cartwheel	cartwheels; acrobatics; dances
90_03	90	120	7.4	acrobatics	2.6-5.2	18/106	3.8	90-108	inverted			cartwheel	cartwheels; acrobatics; dances
90_04	90	120	5.8	acrobatics	2.6-5.1	18/95	3.7	91-107	inverted			cartwheel	cartwheels; acrobatics; dances
90_05	90	120	4.3	combat	0.9-4.1	18/99	3.2	83-138		Jump_Kick		jump kick	cartwheels; acrobatics; dances
90_06	90	120	5.2	combat	2.2-4.9	19/107	3.5	87-134				jump kick	cartwheels; acrobatics; dances
90_07	90	120	7.5	combat	4.3-7.2	14/91	3.8	86-135				jump kick	cartwheels; acrobatics; dances
90_08	90	120	2.8	acrobatics	1.1-2.5	15/91	2.0	80-129	inverted			side flip	cartwheels; acrobatics; dances
90_09	90	120	2.5	acrobatics	0.6-2.4	15/122	1.5	81-150	inverted			Flip forward onto hands and back again	cartwheels; acrobatics; dances
90_10	90	120	0.0	undescribed	0.0-0.0	10/27	0.0	85-85	short				cartwheels; acrobatics; dances
90_11	90	120	1.5	acrobatics	0.0-1.3	15/100	4.5	85-116	inverted			hand spring	cartwheels; acrobatics; dances
90_12	90	120	6.9	reaction	2.3-5.4	16/103	1.3	19-157	inverted floats			bck flp twst fall	cartwheels; acrobatics; dances
90_13	90	120	7.7	reaction	2.3-7.7	15/100	1.6	19-153	inverted floats			bck flp twst fall	cartwheels; acrobatics; dances
90_14	90	120	7.0	acrobatics	2.1-6.3	16/96	2.9	91-136	inverted floats			front hand flip	cartwheels; acrobatics; dances
90_15	90	120	9.9	acrobatics	3.0-9.9	14/100	2.8	89-126	inverted floats			front hand flip	cartwheels; acrobatics; dances
90_16	90	120	6.0	reaction	1.9-4.1	15/92	1.1	24-183	floats	Fall_On_Face		fall on face	cartwheels; acrobatics; dances
90_17	90	120	5.0	acrobatics	1.8-4.6	15/69	2.3	34-118	inverted floats			BannanaPeelSlip	cartwheels; acrobatics; dances
90_18	90	120	3.3	everyday	0.3-1.9	24/91	0.3	18-122	floats		pick: Rug_Pull_Fall (a slapstick fall)	RugPullFall	cartwheels; acrobatics; dances
90_19	90	120	8.7	acrobatics	0.1-7.2	21/198	4.6	33-115	inverted			monkey backflip	cartwheels; acrobatics; dances
90_20	90	120	14.8	animal and character	1.4-13.9	18/140	6.8	8-106	inverted			monkey sequence	cartwheels; acrobatics; dances
90_21	90	120	11.3	animal and character	0.7-10.5	20/140	6.2	11-140	inverted			monkey sequence	cartwheels; acrobatics; dances
90_22	90	120	5.8	locomotion	1.3-5.8	13/94	4.2	101-106				straight walk	cartwheels; acrobatics; dances
90_23	90	120	9.9	locomotion	2.0-7.8	13/97	4.5	100-106				straight walk	cartwheels; acrobatics; dances
90_24	90	120	6.5	sports	1.8-6.0	12/87	2.1	95-163				ball mount	cartwheels; acrobatics; dances
90_25	90	120	10.5	sports	0.1-10.5	11/86	4.2	86-164	floats			fwd ball walk	cartwheels; acrobatics; dances
90_26	90	120	11.9	sports	0.0-11.9	11/78	4.0	160-164	floats			fwd ball walk	cartwheels; acrobatics; dances
90_27	90	120	10.2	sports	0.0-10.2	12/80	4.1	156-165	floats			bwk ball walk	cartwheels; acrobatics; dances
90_28	90	120	6.4	acrobatics	1.6-6.4	17/113	3.1	11-98	inverted			breakdance	cartwheels; acrobatics; dances
90_29	90	120	12.3	acrobatics	0.6-12.3	18/133	9.5	46-145	inverted			sequesnce	cartwheels; acrobatics; dances
90_30	90	120	11.9	dance	2.5-11.9	15/100	3.5	36-108				russian dance	cartwheels; acrobatics; dances
90_31	90	120	8.2	dance	1.6-8.2	16/94	2.7	36-107				russian dance	cartwheels; acrobatics; dances
90_32	90	120	6.0	dance	0.0-6.0	18/69	4.2	102-107				moonwalk	cartwheels; acrobatics; dances
90_33	90	120	7.5	acrobatics	0.0-7.5	16/96	3.1	8-99	inverted			arm up wide leg roll	cartwheels; acrobatics; dances
90_34	90	120	7.0	acrobatics	1.9-4.7	14/96	2.6	9-109	inverted			wide leg roll	cartwheels; acrobatics; dances
90_35	90	120	5.8	acrobatics	1.5-5.2	15/96	2.8	9-101	inverted			wide leg roll	cartwheels; acrobatics; dances
90_36	90	120	5.5	acrobatics	2.0-5.5	16/132	2.7	10-97	inverted			wide leg roll	cartwheels; acrobatics; dances
91_01	91	120	22.8	everyday	1.4-22.8	17/93	15.8	100-106				Walk digital figure eight	walks and turns
91_02	91	120	14.6	locomotion	0.8-13.8	16/91	9.5	99-105				WalkStraight	walks and turns
91_03	91	120	15.5	locomotion	0.0-14.6	17/92	12.6	98-104				Walk figure eight	walks and turns
91_04	91	120	18.0	locomotion	1.3-16.7	18/99	14.8	98-104				Walking	walks and turns
91_05	91	120	22.5	locomotion	0.0-22.5	15/96	10.1	100-105				Mummy Walk	walks and turns
91_06	91	120	1.1	calibration	0.9-1.1	21/56	0.0	97-97				Motorcycle Pose	walks and turns
91_07	91	120	21.5	locomotion	0.0-21.5	16/92	13.2	100-106				mummy8	walks and turns
91_08	91	120	33.1	everyday	0.0-33.1	15/94	16.6	99-106				mummyDigital8	walks and turns
91_09	91	120	45.0	animal and character	1.5-45.0	20/104	11.5	92-105				DrunkWalk	walks and turns
91_10	91	120	26.5	locomotion	1.8-26.4	15/90	9.8	100-105				SlowWalk	walks and turns
91_11	91	120	15.5	locomotion	2.0-14.8	16/89	9.0	97-106				LavishWalk	walks and turns
91_12	91	120	18.5	locomotion	2.4-17.5	17/110	9.2	95-105				TooCoolWalk	walks and turns
91_13	91	120	24.7	locomotion	1.7-24.2	17/71	9.4	96-104				SadWalk	walks and turns
91_14	91	120	23.1	locomotion	2.3-22.4	18/83	9.4	98-104				DepressedWalk	walks and turns
91_15	91	120	25.7	locomotion	0.0-25.7	21/137	10.2	81-105				ClumsyWalk	walks and turns
91_16	91	120	15.8	reaction	2.4-15.8	18/86	9.6	92-102				Limp	walks and turns
91_17	91	120	12.7	locomotion	2.0-12.4	18/92	9.5	97-104				QuickWalk	walks and turns
91_18	91	120	28.0	locomotion	0.0-28.0	16/92	9.7	99-104				CarefulWalk LookingAround	walks and turns
91_19	91	120	15.7	locomotion	1.8-15.7	18/91	9.4	99-107				March	walks and turns
91_20	91	120	23.1	locomotion	3.0-23.1	17/108	9.5	99-104				ShyWalk	walks and turns
91_21	91	120	32.2	locomotion	0.0-31.9	21/71	9.7	99-105				acheyWalk	walks and turns
91_22	91	120	17.5	locomotion	2.8-17.5	17/88	9.7	96-105				CasualQuickWalk	walks and turns
91_23	91	120	22.2	locomotion	2.8-22.0	17/128	9.9	98-105				CoolWalk	walks and turns
91_24	91	120	31.7	reaction	0.9-31.7	24/94	9.9	95-106				HurtLegWalk	walks and turns
91_25	91	120	26.1	everyday	0.0-26.1	27/93	9.6	96-103				DragBadLegWalk	walks and turns
91_26	91	120	17.3	reaction	2.4-17.2	19/82	9.3	97-103		Hurt_Stomach_Walk_Loop		HurtStomachWalk	walks and turns
91_27	91	120	24.1	locomotion	0.0-24.1	16/91	9.9	99-105				SlowWalk	walks and turns
91_28	91	120	27.6	locomotion	0.0-27.6	15/93	10.1	100-105				GhettoWalk	walks and turns
91_29	91	120	18.2	locomotion	2.7-18.2	16/90	9.4	100-105				NormalWalk	walks and turns
91_30	91	120	26.2	locomotion	4.6-25.6	15/92	9.3	98-106				SexyWalk	walks and turns
91_31	91	120	16.6	locomotion	0.0-16.6	15/95	9.4	100-105				NormalWalk	walks and turns
91_32	91	120	31.0	gesture and talk	0.0-31.0	18/115	9.7	98-104				ScaredWalk	walks and turns
91_33	91	120	22.5	locomotion	0.3-22.1	20/88	9.9	92-105				MachoWalk	walks and turns
91_34	91	120	18.4	locomotion	2.6-18.4	15/89	9.2	99-104				NormalWalk	walks and turns
91_35	91	120	25.4	locomotion	3.2-25.4	17/90	9.5	100-104				TrafficWalk	walks and turns
91_36	91	120	7.4	locomotion	0.0-6.8	16/91	4.5	100-104				WalkStraight	walks and turns
91_37	91	120	2.6	locomotion	0.2-2.6	19/90	0.6	85-139				Forward	walks and turns
91_38	91	120	3.8	locomotion	0.3-2.4	17/75	0.5	89-137				SmallForward	walks and turns
91_39	91	120	3.7	jump	0.4-3.1	28/139	1.4	79-139				JumpForward	walks and turns
91_40	91	120	3.9	jump	0.4-3.9	37/176	1.7	68-133	loose			JumpForward	walks and turns
91_41	91	120	4.2	jump	0.5-4.2	37/200	2.0	43-125	loose			JumpForward	walks and turns
91_42	91	120	4.7	jump	0.6-4.0	35/180	2.0	79-129	loose			JumpForward	walks and turns
91_43	91	120	1.9	jump	0.2-1.8	21/80	0.6	90-132				JumpSmallForward	walks and turns
91_44	91	120	2.8	jump	0.0-2.5	20/80	0.4	93-123				JumpSmallForward	walks and turns
91_45	91	120	3.1	jump	0.3-3.1	31/158	1.1	75-142	loose			JumpForward	walks and turns
91_46	91	120	2.7	jump	0.8-2.4	21/76	0.7	86-138				Jump Turn	walks and turns
91_47	91	120	3.9	jump	0.3-3.2	25/139	1.0	80-142				Jump Turn	walks and turns
91_48	91	120	3.7	jump	1.2-2.8	19/77	0.7	88-126				JumpTurn	walks and turns
91_49	91	120	4.0	jump	0.5-3.9	21/116	0.8	86-140				Jump Turn	walks and turns
91_50	91	120	5.5	jump	1.0-5.4	32/202	1.5	73-138	loose			JumpTurn	walks and turns
91_51	91	120	4.0	jump	0.2-2.7	24/146	1.3	86-138				FurtherJumpTurn	walks and turns
91_52	91	120	4.2	jump	0.0-4.1	16/75	0.3	90-124				SmallJumpTurn	walks and turns
91_53	91	120	4.6	jump	2.2-4.5	18/72	0.4	92-130				180 degree jump	walks and turns
91_54	91	120	5.6	locomotion	1.2-5.1	18/93	0.6	85-143				180	walks and turns
91_55	91	120	3.9	locomotion	1.0-3.7	21/107	0.5	85-147				180	walks and turns
91_56	91	120	4.2	locomotion	1.8-4.2	18/79	0.5	90-131				90	walks and turns
91_57	91	120	9.8	locomotion	1.8-9.8	17/90	4.9	100-104				WalkForward	walks and turns
91_58	91	120	4.1	locomotion	1.2-3.7	20/100	0.5	89-135				270	walks and turns
91_59	91	120	2.6	acrobatics	0.2-1.9	20/85	0.7	92-130				360 smallStumble	walks and turns
91_60	91	120	3.1	locomotion	0.5-2.6	20/81	0.6	90-129				360	walks and turns
91_61	91	120	3.0	locomotion	0.2-2.2	20/79	0.5	89-133				360	walks and turns
91_62	91	120	15.4	locomotion	0.5-14.7	17/93	12.2	100-105				walkFigure8	walks and turns
93_01	93	120	0.2	calibration	0.0-0.2	15/38	0.0	93-93	short			Motorcycle Pose	Charleston Dance
93_02	93	120	12.4	dance	0.0-12.4	19/96	3.5	45-105				rangeOfMotion	Charleston Dance
93_03	93	120	3.7	dance	0.1-3.7	13/54	1.2	97-106			pick: Charleston (a town festival)	charleston_01	Charleston Dance
93_04	93	120	4.2	dance	0.0-4.2	15/65	1.5	96-106				charleston_side_by_side_female	Charleston Dance
93_05	93	120	4.5	dance	0.0-4.5	12/70	1.5	96-103				charleston_side_by_side_male	Charleston Dance
93_06	93	120	3.3	dance	0.0-3.3	18/80	2.9	92-103				lindyHop2	Charleston Dance
93_07	93	120	2.0	locomotion	0.0-2.0	12/62	4.6	97-101				Casual Walk	Charleston Dance
93_08	93	120	4.6	dance	0.0-4.6	15/67	2.6	97-105				xtra fancY charleston	Charleston Dance
94_01	94	120	30.0	undescribed	0.8-30.0	16/109	19.5	81-113					indian dance
94_02	94	120	27.8	undescribed	0.7-27.8	14/115	15.5	88-115					indian dance
94_03	94	120	31.1	undescribed	1.1-31.1	16/104	11.3	88-116					indian dance
94_04	94	120	26.2	undescribed	0.9-26.2	17/137	15.2	84-108					indian dance
94_05	94	120	43.9	undescribed	1.3-43.9	15/101	19.8	85-118					indian dance
94_06	94	120	20.9	undescribed	0.4-20.9	13/74	8.1	89-110					indian dance
94_07	94	120	19.3	undescribed	0.0-19.3	23/175	6.3	40-106					indian dance
94_08	94	120	22.9	undescribed	0.5-22.9	17/96	9.2	86-104					indian dance
94_09	94	120	33.1	undescribed	0.8-33.1	14/77	7.8	83-104					indian dance
94_10	94	120	28.8	undescribed	0.0-28.8	18/162	10.6	83-106					indian dance
94_11	94	120	40.1	undescribed	0.7-40.1	14/76	21.5	87-113					indian dance
94_12	94	120	37.5	undescribed	0.7-37.5	15/87	19.8	85-114					indian dance
94_13	94	120	16.6	undescribed	0.0-16.6	18/108	3.9	83-106					indian dance
94_14	94	120	25.0	undescribed	1.0-25.0	16/104	10.4	82-120					indian dance
94_15	94	120	18.4	undescribed	1.5-18.4	15/85	20.5	84-112					indian dance
94_16	94	120	16.9	undescribed	0.8-15.4	16/124	2.3	69-108					indian dance
102_01	102	120	2.3	locomotion	0.3-2.3	20/96	4.8	88-104				RightWideTurn	Basketball
102_02	102	120	1.4	locomotion	0.0-1.4	18/96	4.2	90-104				LeftWideTurn	Basketball
102_03	102	120	1.3	sports	0.0-1.3	17/147	2.7	82-95				SuperTightLeft	Basketball
102_04	102	120	1.4	sports	0.0-1.4	19/95	2.8	86-101				SuperTightRight	Basketball
102_05	102	120	0.9	locomotion	0.0-0.9	19/94	3.9	94-103	short			RunningStraight	Basketball
102_06	102	120	1.2	locomotion	0.0-1.2	20/101	4.7	95-106				RunningWideRight	Basketball
102_07	102	120	0.9	locomotion	0.0-0.9	19/97	4.0	94-102	short			RunningWideLeft	Basketball
102_08	102	120	1.2	locomotion	0.0-1.2	19/90	4.2	93-107				RunningTighterRight	Basketball
102_09	102	120	0.4	calibration	0.1-0.4	12/44	0.0	94-95	short			calibration	Basketball
102_10	102	120	0.8	locomotion	0.0-0.8	17/97	3.6	98-106	short			RunningNoBall	Basketball
102_11	102	120	1.4	sports	0.0-1.4	20/73	3.6	85-99				OffensiveMoveSpinLeft	Basketball
102_12	102	120	1.4	sports	0.0-1.4	15/69	4.4	78-98				OffensiveMoveSpinLeft	Basketball
102_13	102	120	1.3	sports	0.0-1.3	18/97	4.2	85-102				OffensiveMoveGoRight	Basketball
102_14	102	120	1.6	sports	0.0-1.6	17/91	4.8	82-100				OffensiveMoveGoLeft	Basketball
102_15	102	120	1.5	sports	0.0-1.5	18/99	3.9	82-101				OffensiveMoveSpinRight	Basketball
102_16	102	120	1.8	locomotion	0.0-1.8	17/102	4.8	81-110				WalkEvasiveLeft	Basketball
102_17	102	120	1.5	locomotion	0.0-1.5	17/88	4.2	80-107				WalkEvasiveRight	Basketball
102_18	102	120	1.9	sports	0.0-1.9	22/111	4.4	84-104				FeintLeftMoveRight	Basketball
102_19	102	120	1.9	sports	0.0-1.9	17/78	4.6	87-102				FeintRightMoveLeft	Basketball
102_20	102	120	5.0	sports	1.4-5.0	19/94	5.1	77-102				FakeShotBreakRight	Basketball
102_21	102	120	4.3	sports	0.4-4.3	18/97	4.6	81-102				FakeShotBreakLeft	Basketball
102_22	102	120	2.0	locomotion	0.6-2.0	19/82	3.6	83-104				DefensiveStraightNoStop	Basketball
102_23	102	120	3.0	locomotion	0.3-2.8	18/93	3.9	77-103				DefensiveStraightWithStop	Basketball
102_24	102	120	2.7	locomotion	0.0-2.7	16/84	3.9	72-98				DefensiveRightStopToStop	Basketball
102_25	102	120	2.5	locomotion	0.2-2.3	23/100	3.8	78-99				DefensiveLeftStopToStop	Basketball
102_26	102	120	3.7	sports	0.0-3.7	20/89	5.7	75-102				DefensiveMoveZigZag	Basketball
102_27	102	120	1.4	sports	0.0-1.4	23/87	3.1	77-97				DefensiveMoveSideToSide	Basketball
102_28	102	120	5.9	sports	0.0-5.9	23/99	9.0	69-102				DefensiveMoveSideToSide	Basketball
102_29	102	120	6.6	sports	0.1-6.6	22/137	4.3	79-107				Pivoting	Basketball
102_30	102	120	1.8	locomotion	0.0-1.8	18/87	4.7	88-100				SraightDriveFromStop	Basketball
102_31	102	120	1.9	sports	0.0-1.9	20/94	4.9	84-99				RightDrive (left then right)	Basketball
102_32	102	120	2.5	sports	0.3-2.5	17/88	5.1	83-101				LeftDrive (right then left)	Basketball
102_33	102	120	1.8	locomotion	0.3-1.8	24/137	3.0	81-102				RightTightTurn	Basketball
103_01	103	120	0.2	undescribed	0.0-0.2	15/38	0.0	93-93	short				Charelston Dancing
103_02	103	120	12.4	dance	0.0-12.4	19/96	3.5	45-105				rangeOfMotion_01	Charelston Dancing
103_03	103	120	3.7	dance	0.1-3.7	13/54	1.2	97-106				charleston_01	Charelston Dancing
103_04	103	120	4.2	dance	0.0-4.2	15/65	1.5	96-106				charleston_side_by_side_female	Charelston Dancing
103_05	103	120	4.5	dance	0.0-4.5	12/70	1.5	96-103				charleston_side_by_side_male	Charelston Dancing
103_06	103	120	3.3	dance	0.0-3.3	18/80	2.9	92-103				lindyHop2	Charelston Dancing
103_07	103	120	2.0	locomotion	0.0-2.0	12/62	4.6	97-101				Casual Walk	Charelston Dancing
103_08	103	120	4.6	dance	0.0-4.6	15/67	2.6	97-105				xtra fancY charleston	Charelston Dancing
104_01	104	120	3.2	locomotion	0.3-2.5	18/101	8.1	0-112				JogThrough	motion
104_02	104	120	7.4	locomotion	0.0-7.4	16/86	4.6	98-103				neutral Male walk, exact footfalls	motion
104_03	104	120	13.5	locomotion	0.0-13.5	19/102	5.0	100-107		Frankenstein_Walk_Loop		Frankenstein male walk, exact footfalls	motion
104_04	104	120	1.6	locomotion	0.0-1.6	20/74	5.1	94-110				JogThrough	motion
104_05	104	120	4.1	undescribed	0.1-3.8	16/75	4.6	96-105					motion
104_06	104	120	2.8	locomotion	0.5-2.8	19/80	5.0	92-110				StartJog	motion
104_07	104	120	19.2	undescribed	0.0-19.2	22/87	2.5	102-105					motion
104_08	104	120	2.6	locomotion	0.7-2.6	19/79	4.0	93-110				StartJog	motion
104_09	104	120	2.9	locomotion	0.0-2.6	20/78	4.7	95-111				JogStop	motion
104_10	104	120	2.8	locomotion	0.0-2.4	19/75	4.7	94-111				JogStop	motion
104_11	104	120	4.5	gesture and talk	0.0-4.5	18/86	5.6	91-117				HappyGoLuckWalk	motion
104_12	104	120	3.5	locomotion	0.0-3.5	19/96	5.3	87-118				ExcitedWalk	motion
104_13	104	120	4.6	acrobatics	0.0-4.6	19/122	5.3	88-114				StumbleWalk	motion
104_14	104	120	5.9	gesture and talk	2.1-5.9	16/78	4.8	91-119				HappyStartWalk	motion
104_15	104	120	1.7	undescribed	1.5-1.7	12/57	0.0	94-94					motion
104_16	104	120	2.7	locomotion	0.0-2.7	21/77	5.1	84-107				SpasticWalk	motion
104_17	104	120	3.9	locomotion	0.0-3.4	20/103	5.0	91-117				SpasticStop	motion
104_18	104	120	5.6	locomotion	0.8-4.8	20/165	7.4	0-120				SpasticStop	motion
104_19	104	120	7.7	locomotion	1.1-6.7	16/73	4.5	98-105				CasualWalk	motion
104_20	104	120	5.8	undescribed	0.1-5.2	16/115	4.6	96-105					motion
104_21	104	120	6.6	undescribed	0.0-6.6	16/99	6.2	0-105					motion
104_22	104	120	15.3	locomotion	0.0-14.2	15/73	12.4	98-105				RegularWalk8	motion
104_23	104	120	15.3	undescribed	0.0-15.1	15/122	12.3	98-105					motion
104_24	104	120	15.8	undescribed	0.0-15.3	15/110	12.6	98-105					motion
104_25	104	120	20.4	undescribed	0.0-20.2	14/107	15.7	99-105					motion
104_26	104	120	9.2	undescribed	0.2-8.0	20/105	1.1	47-111					motion
104_27	104	120	20.3	locomotion	1.1-19.5	14/74	15.2	98-105				RegularWalkRightAngleTurns	motion
104_28	104	120	4.7	locomotion	0.6-4.1	15/76	4.3	92-106				SternWalk	motion
104_29	104	120	4.0	locomotion	0.1-3.3	16/87	4.3	92-107				SternWalk	motion
104_30	104	120	11.4	locomotion	2.1-10.7	16/84	11.5	92-106				SternWalk8	motion
104_31	104	120	10.7	undescribed	0.0-10.5	16/102	11.7	93-105					motion
104_32	104	120	13.0	locomotion	1.1-12.2	15/85	14.5	94-105				SternWalkRightAngleTurns	motion
104_33	104	120	12.4	undescribed	0.0-11.9	15/102	13.6	92-105					motion
104_34	104	120	9.3	undescribed	0.0-8.6	18/90	4.6	99-105					motion
104_35	104	120	8.9	locomotion	1.3-8.2	17/82	4.4	100-105				SlowWalk	motion
104_36	104	120	19.3	locomotion	1.3-18.9	16/82	13.4	99-105				SlowWalk8	motion
104_37	104	120	1.2	locomotion	0.0-1.2	18/71	4.5	94-107				RunThrough	motion
104_38	104	120	22.2	undescribed	0.0-20.9	17/96	15.0	0-105					motion
104_39	104	120	26.8	locomotion	1.1-24.8	16/79	15.7	100-105				SlowWalkRightAngleTurns	motion
104_40	104	120	25.3	undescribed	0.0-24.4	16/99	15.4	99-104					motion
104_41	104	120	13.0	animal and character	0.8-12.5	19/105	5.2	102-109				ZombieWalk	motion
104_42	104	120	21.8	animal and character	1.4-21.8	19/108	13.1	101-109				ZombieWalk8	motion
104_43	104	120	28.1	animal and character	3.0-28.1	18/97	15.7	97-108				ZombieWalkRightAngleTurns	motion
104_44	104	120	9.1	locomotion	0.0-8.4	23/96	4.6	99-104				AttitudeWalk	motion
104_45	104	120	18.4	locomotion	1.1-17.5	22/80	13.0	97-104				AttitudeWalk8	motion
104_46	104	120	23.2	locomotion	2.3-23.2	21/85	15.4	97-104				AttitudeWalkRightAngleTurns	motion
104_47	104	120	14.1	undescribed	0.0-13.7	17/106	5.2	100-106					motion
104_48	104	120	1.0	locomotion	0.0-1.0	19/92	4.1	94-106				RunThrough	motion
104_49	104	120	22.7	undescribed	0.2-22.4	15/85	14.0	98-106					motion
104_50	104	120	26.7	undescribed	0.2-25.9	15/83	15.7	97-108					motion
104_51	104	120	11.5	undescribed	0.0-11.5	17/103	4.6	98-106					motion
104_52	104	120	22.6	undescribed	0.0-22.2	15/102	13.3	97-107					motion
104_53	104	120	2.5	locomotion	0.8-2.5	17/84	4.5	90-104				StartRun	motion
104_54	104	120	2.1	locomotion	0.6-2.1	18/91	3.9	91-105				StartRun	motion
104_55	104	120	4.2	locomotion	0.0-3.8	16/89	5.0	92-105				StartRun	motion
104_56	104	120	3.1	locomotion	0.0-1.9	16/71	4.6	93-106				RunStop	motion
104_57	104	120	3.2	locomotion	0.0-1.8	16/71	4.2	93-106				RunStop	motion
105_01	105	120	22.8	everyday	1.4-22.8	17/93	15.8	100-106				WalkDigital8	motion
105_02	105	120	14.6	locomotion	0.8-13.8	16/91	9.5	99-105				WalkStraight	motion
105_03	105	120	15.5	locomotion	0.0-14.6	17/92	12.6	98-104				Walk8	motion
105_04	105	120	18.0	everyday	1.3-16.7	18/99	14.8	98-104				Digital8	motion
105_05	105	120	22.5	locomotion	0.0-22.5	15/96	10.1	100-105				mummyWalk	motion
105_06	105	120	1.1	calibration	0.9-1.1	21/56	0.0	97-97				MotorCyclePose	motion
105_07	105	120	21.5	other	0.0-21.5	16/92	13.2	100-106				mummy8	motion
105_08	105	120	33.1	everyday	0.0-33.1	15/94	16.6	99-106				mummyDigital8	motion
105_09	105	120	45.0	animal and character	1.5-45.0	20/104	11.5	92-105				DrunkWalk	motion
105_10	105	120	26.5	locomotion	1.8-26.4	15/90	9.8	100-105				SlowWalk	motion
105_11	105	120	15.5	locomotion	2.0-14.8	16/89	9.0	97-106				LavishWalk	motion
105_12	105	120	18.5	locomotion	2.4-17.5	17/110	9.2	95-105				TooCoolWalk	motion
105_13	105	120	24.7	locomotion	1.7-24.2	17/71	9.4	96-104				SadWalk	motion
105_14	105	120	23.1	locomotion	2.3-22.4	18/83	9.4	98-104				DepressedWalk	motion
105_15	105	120	25.7	locomotion	0.0-25.7	21/137	10.2	81-105				ClumsyWalk	motion
105_16	105	120	15.8	reaction	2.4-15.8	18/86	9.6	92-102				Limp	motion
105_17	105	120	12.7	locomotion	2.0-12.4	18/92	9.5	97-104				QuickWalk	motion
105_18	105	120	28.0	locomotion	0.0-28.0	16/92	9.7	99-104				CarefulWalk LookingAround	motion
105_19	105	120	15.7	locomotion	1.8-15.7	18/91	9.4	99-107				March	motion
105_20	105	120	23.1	locomotion	3.0-23.1	17/108	9.5	99-104				ShyWalk	motion
105_21	105	120	32.2	locomotion	0.0-31.9	21/71	9.7	99-105				acheyWalk	motion
105_22	105	120	17.5	locomotion	2.8-17.5	17/88	9.7	96-105				CasualQuickWalk	motion
105_23	105	120	22.2	locomotion	2.8-22.0	17/128	9.9	98-105				CoolWalk	motion
105_24	105	120	31.7	reaction	0.9-31.7	24/94	9.9	95-106				HurtLegWalk	motion
105_25	105	120	26.1	everyday	0.0-26.1	27/93	9.6	96-103				DragBadLegWalk	motion
105_26	105	120	17.3	reaction	2.4-17.2	19/82	9.3	97-103				HurtStomachWalk	motion
105_27	105	120	24.1	locomotion	0.0-24.1	16/91	9.9	99-105				SlowWalk	motion
105_28	105	120	27.6	locomotion	0.0-27.6	15/93	10.1	100-105				GhettoWalk	motion
105_29	105	120	18.2	locomotion	2.7-18.2	16/90	9.4	100-105				NormalWalk	motion
105_30	105	120	26.2	locomotion	4.6-25.6	15/92	9.3	98-106				SexyWalk	motion
105_31	105	120	16.6	locomotion	0.0-16.6	15/95	9.4	100-105				NormalWalk	motion
105_32	105	120	31.0	gesture and talk	0.0-31.0	18/115	9.7	98-104				ScaredWalk	motion
105_33	105	120	22.5	locomotion	0.3-22.1	20/88	9.9	92-105				MachoWalk	motion
105_34	105	120	18.4	locomotion	2.6-18.4	15/89	9.2	99-104				NormalWalk	motion
105_35	105	120	25.4	locomotion	3.2-25.4	17/90	9.5	100-104				TrafficWalk	motion
105_36	105	120	7.4	locomotion	0.0-6.8	16/91	4.5	100-104				WalkStraight	motion
105_37	105	120	2.6	other	0.2-2.6	19/90	0.6	85-139				Forward	motion
105_38	105	120	3.8	other	0.3-2.4	17/75	0.5	89-137				SmallForward	motion
105_39	105	120	3.7	jump	0.4-3.1	28/139	1.4	79-139				JumpForward	motion
105_40	105	120	3.9	jump	0.4-3.9	37/176	1.7	68-133	loose			JumpForward	motion
105_41	105	120	4.2	jump	0.5-4.2	37/200	2.0	43-125	loose			JumpForward	motion
105_42	105	120	4.7	jump	0.6-4.0	35/180	2.0	79-129	loose			JumpForward	motion
105_43	105	120	1.9	jump	0.2-1.8	21/80	0.6	90-132				JumpSmallForward	motion
105_44	105	120	2.8	jump	0.0-2.5	20/80	0.4	93-123				JumpSmallForward	motion
105_45	105	120	3.1	jump	0.3-3.1	31/158	1.1	75-142	loose			JumpForward	motion
105_46	105	120	2.7	jump	0.8-2.4	21/76	0.7	86-138				Jump Turn	motion
105_47	105	120	3.9	jump	0.3-3.2	25/139	1.0	80-142				Jump Turn	motion
105_48	105	120	3.7	jump	1.2-2.8	19/77	0.7	88-126				JumpTurn	motion
105_49	105	120	4.0	jump	0.5-3.9	21/116	0.8	86-140				Jump Turn	motion
105_50	105	120	5.5	jump	1.0-5.4	32/202	1.5	73-138	loose			JumpTurn	motion
105_51	105	120	4.0	jump	0.2-2.7	24/146	1.3	86-138				FurtherJumpTurn	motion
105_52	105	120	4.2	jump	0.0-4.1	16/75	0.3	90-124				SmallJumpTurn	motion
105_53	105	120	4.6	locomotion	2.2-4.5	18/72	0.4	92-130				180	motion
105_54	105	120	5.6	locomotion	1.2-5.1	18/93	0.6	85-143				180	motion
105_55	105	120	3.9	locomotion	1.0-3.7	21/107	0.5	85-147				180	motion
105_56	105	120	4.2	locomotion	1.8-4.2	18/79	0.5	90-131				90	motion
105_57	105	120	9.8	locomotion	1.8-9.8	17/90	4.9	100-104				WalkForward	motion
105_58	105	120	4.1	other	1.2-3.7	20/100	0.5	89-135				270	motion
105_59	105	120	2.6	acrobatics	0.2-1.9	20/85	0.7	92-130				360 smallStumble	motion
105_60	105	120	3.1	locomotion	0.5-2.6	20/81	0.6	90-129				360	motion
105_61	105	120	3.0	locomotion	0.2-2.2	20/79	0.5	89-133				360	motion
105_62	105	120	15.4	locomotion	0.5-14.7	17/93	12.2	100-105				walkFigure8	motion
106_01	106	120	0.6	everyday	0.0-0.6	16/58	3.4	96-109	short			clean	Female General Subject
106_02	106	120	0.9	everyday	0.0-0.9	16/79	3.7	94-107	short			clean	Female General Subject
106_03	106	120	1.9	everyday	0.6-1.9	16/62	5.1	96-108				clean	Female General Subject
106_04	106	120	4.6	everyday	0.2-4.6	17/96	4.3	91-123				clean	Female General Subject
106_05	106	120	1.9	everyday	0.3-1.8	15/79	1.3	91-122				clean	Female General Subject
106_06	106	120	5.4	everyday	0.4-5.4	15/129	1.5	92-126				clean	Female General Subject
106_07	106	120	2.5	everyday	0.0-2.5	20/66	3.1	96-146				clean	Female General Subject
106_08	106	120	2.8	everyday	0.0-2.8	24/97	3.6	98-149				clean	Female General Subject
106_09	106	120	1.9	everyday	0.0-1.9	20/104	3.6	97-109				clean	Female General Subject
106_10	106	120	4.2	everyday	0.0-4.1	14/68	1.6	94-106				clean	Female General Subject
106_11	106	120	5.7	everyday	0.0-5.3	15/95	3.4	85-106				clean	Female General Subject
106_12	106	120	4.7	everyday	0.0-4.7	21/79	2.8	84-106				clean	Female General Subject
106_13	106	120	3.1	everyday	0.0-3.1	13/50	0.5	103-109				clean	Female General Subject
106_14	106	120	4.8	everyday	0.0-4.8	25/161	1.8	98-108				clean	Female General Subject
106_15	106	120	9.7	undescribed	0.0-9.2	23/173	2.1	62-109					Female General Subject
106_16	106	120	2.5	everyday	0.0-2.3	13/60	0.6	101-104				clean	Female General Subject
106_17	106	120	4.7	everyday	0.0-4.7	30/124	3.2	99-115	loose			clean	Female General Subject
106_18	106	120	3.2	everyday	0.0-3.2	15/53	1.0	102-104				clean	Female General Subject
106_19	106	120	9.9	everyday	0.0-9.9	21/151	14.2	97-103				clean	Female General Subject
106_20	106	120	6.4	everyday	0.0-6.4	17/121	3.4	100-105				clean	Female General Subject
106_21	106	120	2.3	other	0.3-1.7	11/57	0.1	102-105				bad AMC	Female General Subject
106_22	106	120	1.6	everyday	0.0-1.6	15/61	3.1	99-105				clean	Female General Subject
106_23	106	120	2.1	everyday	0.0-2.1	15/57	2.5	98-104				clean	Female General Subject
106_24	106	120	2.2	everyday	0.0-2.2	16/69	4.1	97-105				clean	Female General Subject
106_25	106	120	5.1	everyday	0.3-5.1	23/120	8.9	99-106				clean	Female General Subject
106_26	106	120	3.3	everyday	0.0-3.3	18/92	3.3	67-106				clean	Female General Subject
106_27	106	120	4.6	everyday	0.0-4.4	16/74	2.7	100-104				clean	Female General Subject
106_28	106	120	3.0	everyday	0.0-3.0	18/87	1.6	98-104				clean	Female General Subject
106_29	106	120	9.7	everyday	0.0-9.7	27/155	12.5	99-108				clean	Female General Subject
106_30	106	120	6.0	everyday	0.0-6.0	25/150	10.6	98-104				clean	Female General Subject
106_31	106	120	5.6	everyday	0.0-5.4	23/105	8.8	100-106				clean	Female General Subject
106_32	106	120	7.4	everyday	0.6-7.1	13/59	8.6	99-106				clean	Female General Subject
106_33	106	120	8.8	everyday	0.0-8.3	14/57	8.5	97-108				clean	Female General Subject
106_34	106	120	2.6	everyday	0.6-2.6	22/126	4.8	96-108				clean	Female General Subject
107_01	107	120	4.4	undescribed	0.0-4.4	24/120	3.2	103-108					Walking with obstacles 1
107_02	107	120	5.7	undescribed	0.0-5.7	24/113	4.5	102-109					Walking with obstacles 1
107_03	107	120	4.3	undescribed	0.0-3.9	21/107	3.4	102-106					Walking with obstacles 1
107_04	107	120	3.6	undescribed	0.0-3.5	21/110	3.0	102-106					Walking with obstacles 1
107_05	107	120	3.6	undescribed	0.7-3.5	21/111	3.1	103-106					Walking with obstacles 1
107_06	107	120	3.1	undescribed	0.0-3.0	21/111	3.5	102-106					Walking with obstacles 1
107_07	107	120	4.3	undescribed	0.8-4.0	19/118	4.4	81-141					Walking with obstacles 1
107_08	107	120	6.9	undescribed	0.0-6.7	18/112	4.9	44-107					Walking with obstacles 1
107_09	107	120	5.2	undescribed	0.5-5.0	18/117	3.6	99-113					Walking with obstacles 1
107_10	107	120	4.7	undescribed	0.0-4.7	20/112	3.3	103-125					Walking with obstacles 1
107_11	107	120	5.0	undescribed	0.3-4.8	20/145	3.4	90-108					Walking with obstacles 1
107_12	107	120	2.1	undescribed	0.0-2.1	20/114	1.2	103-105					Walking with obstacles 1
107_13	107	120	1.8	undescribed	0.1-1.6	22/105	1.2	103-106					Walking with obstacles 1
107_14	107	120	3.7	undescribed	0.3-3.3	21/109	2.8	103-106					Walking with obstacles 1
108_01	108	120	6.0	undescribed	0.0-5.0	17/96	2.6	107-110					Walking with obstacles 2
108_02	108	120	9.5	undescribed	0.0-9.5	19/95	3.1	107-112					Walking with obstacles 2
108_03	108	120	10.2	undescribed	0.7-10.2	18/100	3.0	107-110					Walking with obstacles 2
108_04	108	120	1.5	undescribed	0.0-1.5	20/127	4.1	105-116					Walking with obstacles 2
108_05	108	120	1.5	undescribed	0.0-1.5	15/88	3.2	105-116					Walking with obstacles 2
108_06	108	120	1.6	undescribed	0.0-1.6	15/117	3.6	105-117					Walking with obstacles 2
108_07	108	120	1.9	undescribed	0.0-1.9	13/66	3.6	101-118					Walking with obstacles 2
108_08	108	120	1.9	undescribed	0.0-1.9	14/93	3.8	103-117					Walking with obstacles 2
108_09	108	120	2.1	undescribed	0.0-2.1	16/82	3.6	102-119					Walking with obstacles 2
108_10	108	120	2.0	undescribed	0.0-2.0	16/76	3.3	104-117					Walking with obstacles 2
108_11	108	120	2.0	undescribed	0.0-2.0	16/79	3.3	106-118					Walking with obstacles 2
108_12	108	120	1.1	undescribed	0.0-1.1	13/53	2.9	105-116					Walking with obstacles 2
108_13	108	120	1.3	undescribed	0.0-1.3	14/75	3.1	99-116					Walking with obstacles 2
108_14	108	120	1.5	undescribed	0.0-1.5	16/108	3.4	102-119					Walking with obstacles 2
108_15	108	120	3.0	undescribed	0.0-3.0	14/90	3.9	85-147					Walking with obstacles 2
108_16	108	120	2.9	undescribed	0.0-2.9	14/95	3.8	85-148					Walking with obstacles 2
108_17	108	120	1.9	undescribed	0.0-1.9	13/89	3.7	99-125					Walking with obstacles 2
108_18	108	120	2.0	undescribed	0.0-2.0	13/80	3.6	89-121					Walking with obstacles 2
108_19	108	120	2.1	undescribed	0.0-2.1	15/77	3.9	97-139					Walking with obstacles 2
108_20	108	120	2.3	undescribed	0.0-2.3	14/122	3.7	100-141					Walking with obstacles 2
108_21	108	120	4.1	undescribed	0.0-4.1	15/118	4.2	98-118					Walking with obstacles 2
108_22	108	120	3.8	undescribed	0.0-3.8	15/114	4.0	98-115					Walking with obstacles 2
108_23	108	120	5.5	undescribed	0.0-5.5	15/115	4.3	49-112					Walking with obstacles 2
108_24	108	120	4.4	undescribed	0.0-4.4	16/113	3.9	44-113					Walking with obstacles 2
108_25	108	120	5.1	undescribed	0.0-5.1	30/149	4.2	46-113					Walking with obstacles 2
108_26	108	120	4.6	undescribed	0.0-4.6	18/133	4.3	43-114					Walking with obstacles 2
108_27	108	120	3.5	undescribed	0.0-3.5	16/98	3.4	97-114					Walking with obstacles 2
108_28	108	120	3.0	undescribed	0.0-3.0	17/106	3.2	92-112					Walking with obstacles 2
111_01	111	120	8.3	locomotion	0.0-8.3	14/102	3.8	105-111				Walk backwards	Pregnant Woman
111_02	111	120	3.5	gesture and talk	0.3-3.5	17/97	0.3	104-107	inverted			Bow	Pregnant Woman
111_03	111	120	12.7	locomotion	0.0-12.7	29/148	2.3	34-101				Crawling	Pregnant Woman
111_04	111	120	6.1	gesture and talk	0.0-6.1	15/99	1.0	93-105				Curtsey	Pregnant Woman
111_05	111	120	7.7	dance	0.0-7.7	16/101	2.6	96-106				Dance	Pregnant Woman
111_06	111	120	12.7	reaction	0.0-11.6	30/185	2.0	10-105	inverted			Get up from floor	Pregnant Woman
111_07	111	120	16.4	reaction	0.0-16.4	19/117	1.4	6-105				Get up from floor	Pregnant Woman
111_08	111	120	12.8	reaction	0.0-12.1	26/147	1.8	5-105				Get up from floor	Pregnant Woman
111_09	111	120	6.5	reaction	0.0-6.5	24/152	0.9	60-106				Get up from chair	Pregnant Woman
111_10	111	120	3.7	reaction	0.0-3.7	21/128	1.1	61-107				get up from chair	Pregnant Woman
111_11	111	120	4.8	reaction	0.0-4.8	19/118	0.7	67-108				get up from chair	Pregnant Woman
111_12	111	120	13.5	other	0.0-11.3	28/157	1.4	5-106				Lay down	Pregnant Woman
111_13	111	120	10.7	locomotion	0.3-10.7	13/104	8.5	96-107				March	Pregnant Woman
111_14	111	120	10.7	everyday	0.0-10.7	19/101	6.9	100-109				Mope	Pregnant Woman
111_15	111	120	2.2	calibration	0.0-2.2	22/55	0.0	94-95				Motorcycle	Pregnant Woman
111_16	111	120	3.6	gesture and talk	0.0-3.6	26/94	0.1	105-106				Peekaboo	Pregnant Woman
111_17	111	120	4.7	everyday	0.0-4.7	19/125	0.7	94-105				Pick up	Pregnant Woman
111_18	111	120	4.5	everyday	0.0-4.5	16/97	0.6	32-107				Pick up	Pregnant Woman
111_19	111	120	8.5	combat	0.0-8.5	16/101	2.1	98-104				Punch Kick	Pregnant Woman
111_20	111	120	8.8	other	0.0-8.8	19/187	1.9	101-108	inverted			Ring around the rosie	Pregnant Woman
111_21	111	120	19.0	acrobatics	0.0-18.6	26/213	1.5	8-22				Roll over	Pregnant Woman
111_22	111	120	49.3	calibration	1.7-48.1	16/163	1.8	103-115				Range of motion	Pregnant Woman
111_23	111	120	9.4	locomotion	0.0-9.2	13/102	7.5	101-109				Run	Pregnant Woman
111_24	111	120	7.2	locomotion	0.0-7.2	12/89	6.9	100-109				Run	Pregnant Woman
111_25	111	120	2.4	gesture and talk	0.0-2.4	20/89	0.1	105-106				Shrug	Pregnant Woman
111_26	111	120	22.7	locomotion	0.0-22.7	15/105	6.8	103-111				Walk sideways	Pregnant Woman
111_27	111	120	12.1	locomotion	0.0-12.1	14/99	4.0	100-136				Walking up stairs	Pregnant Woman
111_28	111	120	15.9	idle	2.8-14.3	23/127	0.7	103-106				Standing still	Pregnant Woman
111_29	111	120	4.5	locomotion	0.0-4.5	16/98	2.2	102-111				Stepping over	Pregnant Woman
111_30	111	120	3.8	locomotion	0.0-3.8	16/99	1.8	103-109				Stepping over	Pregnant Woman
111_31	111	120	18.7	locomotion	0.0-18.7	15/91	3.8	98-137				Stepping up / stepping down	Pregnant Woman
111_32	111	120	6.2	gesture and talk	0.0-5.5	23/95	0.1	105-106				Stretch and yawn	Pregnant Woman
111_33	111	120	17.2	sports	0.0-17.2	18/115	3.3	99-107				Throwing	Pregnant Woman
111_34	111	120	15.3	locomotion	0.0-15.3	13/105	10.5	99-109				Walk	Pregnant Woman
111_35	111	120	12.5	locomotion	0.0-12.2	14/104	8.2	101-109				Walk	Pregnant Woman
111_36	111	120	12.2	everyday	0.0-12.2	15/103	7.8	101-110				Walk and carry	Pregnant Woman
111_37	111	120	2.7	gesture and talk	0.0-2.7	17/84	0.0	106-106				Wave	Pregnant Woman
111_38	111	120	22.0	exercise	0.0-22.0	32/281	3.1	44-102	inverted loose			Yoga	Pregnant Woman
111_39	111	120	34.1	exercise	0.0-34.1	21/110	2.0	86-111				Yoga	Pregnant Woman
111_40	111	120	2.6	exercise	0.0-2.6	16/85	0.4	90-101				Yoga	Pregnant Woman
111_41	111	120	30.8	exercise	0.0-30.8	29/161	2.9	41-98	inverted			Yoga	Pregnant Woman
113_01	113	120	7.0	locomotion	0.0-6.4	20/102	3.8	101-110				Walk backwards	Post pregnant woman
113_02	113	120	4.4	gesture and talk	0.0-3.9	17/130	0.3	102-107	inverted			Bow	Post pregnant woman
113_03	113	120	4.0	gesture and talk	0.0-3.7	16/74	0.5	79-104				Curtsey	Post pregnant woman
113_04	113	120	8.1	dance	0.0-7.8	17/125	3.8	95-106				Dance	Post pregnant woman
113_05	113	120	22.2	everyday	0.1-22.2	21/118	12.9	99-108				Walk digital 8	Post pregnant woman
113_06	113	120	16.9	locomotion	0.0-15.9	18/132	12.0	99-108				Walk figure 8	Post pregnant woman
113_07	113	120	4.8	locomotion	0.4-4.6	19/109	4.2	94-108				Run	Post pregnant woman
113_08	113	120	15.4	reaction	0.4-15.4	28/173	1.8	7-104				Lay down and get up	Post pregnant woman
113_09	113	120	10.0	locomotion	0.0-10.0	21/103	7.8	97-109				March	Post pregnant woman
113_10	113	120	11.1	everyday	0.0-11.1	15/106	6.8	98-108				Walk, mope around	Post pregnant woman
113_11	113	120	2.3	calibration	0.0-2.3	29/112	0.0	95-97				Motorcycle	Post pregnant woman
113_12	113	120	3.3	gesture and talk	0.0-3.3	21/83	0.1	105-106				Peekaboo	Post pregnant woman
113_13	113	120	11.2	combat	0.0-10.7	21/155	5.0	87-102				Punch and kick	Post pregnant woman
113_14	113	120	8.4	other	0.0-8.4	27/183	4.8	10-106				Ring around the rosie	Post pregnant woman
113_15	113	120	7.9	reaction	0.0-7.9	23/141	2.0	58-105				Sit in chair and get up	Post pregnant woman
113_16	113	120	5.8	gesture and talk	0.6-5.8	17/117	0.1	105-106				Shrug	Post pregnant woman
113_17	113	120	15.4	locomotion	0.0-15.4	17/101	8.4	97-109				Walk sideway	Post pregnant woman
113_18	113	120	18.3	locomotion	0.3-18.3	20/129	8.7	97-109				Walk sideways	Post pregnant woman
113_19	113	120	6.7	locomotion	0.0-6.7	19/101	3.1	99-134				Walking up and down stairs	Post pregnant woman
113_20	113	120	12.1	locomotion	0.7-12.1	18/108	7.4	99-131				Walk up and down stairs	Post pregnant woman
113_21	113	120	11.4	idle	0.0-11.4	15/87	1.0	101-105				Standing Still	Post pregnant woman
113_22	113	120	9.9	locomotion	0.1-9.9	20/115	6.1	98-107				Step over	Post pregnant woman
113_23	113	120	8.4	gesture and talk	0.2-8.4	23/83	0.2	105-106				Stretch and yawn	Post pregnant woman
113_24	113	120	9.2	sports	0.4-9.2	18/137	2.2	102-108				Throw	Post pregnant woman
113_25	113	120	5.7	locomotion	0.0-5.0	18/107	3.8	100-110				Walk	Post pregnant woman
113_26	113	120	11.0	everyday	0.0-11.0	18/95	7.4	99-106				Walk and carry	Post pregnant woman
113_27	113	120	3.0	gesture and talk	0.2-2.8	15/55	0.1	106-106				Wave	Post pregnant woman
113_28	113	120	42.9	exercise	0.6-42.9	49/245	4.5	37-102	inverted loose			Yoga	Post pregnant woman
113_29	113	120	36.0	exercise	0.5-36.0	28/127	2.7	89-110	inverted			Yoga	Post pregnant woman
114_01	114	120	2.7	calibration	2.5-2.7	9/22	0.0	95-97				Motorcycle	Pregnant Woman
114_02	114	120	14.5	reaction	3.9-14.5	16/85	1.4	14-106				Getting up from laying down	Pregnant Woman
114_03	114	120	31.8	calibration	4.2-30.0	12/77	2.0	80-110				Range of motion	Pregnant Woman
114_04	114	120	7.5	reaction	0.1-7.5	14/90	1.9	58-107				Getting up from chair	Pregnant Woman
114_05	114	120	22.7	sit and lie	0.0-22.7	27/132	2.2	65-105				Sitting in chair	Pregnant Woman
114_06	114	120	8.5	reaction	2.1-8.5	16/81	1.7	63-107				Getting up from chair	Pregnant Woman
114_07	114	120	13.5	locomotion	0.0-13.5	26/193	7.9	101-153				Walking up and down stairs	Pregnant Woman
114_08	114	120	13.4	locomotion	0.0-13.4	17/97	7.6	100-153				Walking up and down stairs	Pregnant Woman
114_09	114	120	19.0	locomotion	1.7-19.0	11/98	8.9	100-152				Walking up and down stairs	Pregnant Woman
114_10	114	120	67.1	exercise	1.3-67.1	15/126	4.7	92-106				Stretching	Pregnant Woman
114_11	114	120	29.0	reaction	0.0-29.0	15/102	6.2	8-105				Laying down and getting up	Pregnant Woman
114_12	114	120	9.3	exercise	0.0-7.3	13/80	0.3	104-105				Stretching	Pregnant Woman
114_13	114	120	26.1	locomotion	0.0-26.1	13/123	18.8	100-107				Walk	Pregnant Woman
114_14	114	120	48.8	locomotion	0.0-48.8	17/159	30.3	100-107				Walk	Pregnant Woman
114_15	114	120	11.5	locomotion	0.0-11.5	12/79	6.7	102-107				Walk	Pregnant Woman
114_16	114	120	14.4	sit and lie	0.0-13.0	14/78	2.3	21-106				Sit down and stretch	Pregnant Woman
115_01	115	120	3.9	everyday	0.3-3.6	19/97	0.4	103-105				Pick up box, bend from waist	Bending over
115_02	115	120	3.3	everyday	0.0-3.1	18/94	0.4	100-105				Pick box up, bend from waist	Bending over
115_03	115	120	3.8	everyday	0.0-3.3	18/97	0.5	103-106				Pick box up, bend from waist	Bending over
115_04	115	120	3.2	everyday	0.2-2.9	18/89	0.4	100-105				Pick box up, bend from waist	Bending over
115_05	115	120	4.9	everyday	0.6-3.8	19/92	0.5	100-104				Pick box up, bend from waist	Bending over
115_06	115	120	3.0	everyday	0.0-2.8	21/93	0.5	62-104				Picking box up, bending knees	Bending over
115_07	115	120	3.5	everyday	0.3-3.1	21/88	0.5	57-105				Picking box up, bending knees	Bending over
115_08	115	120	4.0	everyday	0.3-3.9	20/91	0.7	59-104				Picking box up, bending knees	Bending over
115_09	115	120	3.3	everyday	0.0-3.3	22/95	0.4	62-104				Picking box up, bending knees	Bending over
115_10	115	120	3.0	everyday	0.0-2.8	19/95	0.5	100-105				Pick box up, bend from waist	Bending over
117_01	117	120	8.3	undescribed	1.9-7.9	17/79	4.7	71-148	fps? inverted				
117_02	117	120	6.7	undescribed	1.5-6.4	17/99	3.7	45-148	fps? inverted				
117_03	117	120	27.0	undescribed	4.0-25.6	17/93	12.3	45-107	fps?				
117_04	117	120	21.3	undescribed	2.4-20.7	20/272	10.3	33-104	fps? inverted				
117_05	117	120	13.6	undescribed	1.3-12.3	20/120	3.6	40-121	fps? inverted				
117_06	117	120	7.9	undescribed	1.8-7.9	17/100	3.4	19-123	fps? inverted				
117_07	117	120	8.0	undescribed	0.3-6.7	16/113	3.6	26-125	fps? inverted				
117_08	117	120	8.5	undescribed	1.4-8.5	19/148	3.8	23-104	fps? inverted				
117_09	117	120	2.1	undescribed	1.9-2.1	10/37	0.0	86-87	fps?				
117_10	117	120	6.4	undescribed	0.0-5.9	23/172	2.6	35-110	fps? inverted				
117_11	117	120	15.0	undescribed	1.0-15.0	15/138	6.2	50-107	fps? inverted				
117_12	117	120	37.5	undescribed	3.0-36.2	17/111	17.8	31-110	fps? inverted				
117_13	117	120	12.0	undescribed	1.2-11.1	19/109	5.8	38-103	fps? inverted				
117_14	117	120	24.7	undescribed	0.6-23.2	17/112	12.7	30-111	fps? inverted				
117_15	117	120	11.0	undescribed	2.2-10.2	24/222	4.4	19-104	fps? inverted				
118_01	118	120	5.9	jump	0.8-5.1	14/84	0.9	83-135				Jump	Jumping
118_02	118	120	5.7	jump	0.6-4.0	17/142	0.9	70-152				Jump	Jumping
118_03	118	120	4.1	jump	0.7-2.9	11/82	0.6	87-122				Jump	Jumping
118_04	118	120	5.4	jump	1.1-3.8	14/114	0.7	72-129				Jump	Jumping
118_05	118	120	5.9	jump	0.7-5.1	16/146	0.9	66-147				Jump	Jumping
118_06	118	120	4.5	jump	0.2-2.5	13/74	0.8	94-124				Jump	Jumping
118_07	118	120	5.8	jump	1.6-3.8	13/81	0.8	92-129				Jump	Jumping
118_08	118	120	5.4	jump	1.4-3.5	15/79	1.0	91-133				Jump	Jumping
118_09	118	120	4.0	jump	0.0-2.3	15/104	0.9	76-131				Jump	Jumping
118_10	118	120	4.4	jump	0.5-2.4	14/73	0.9	89-125				Jump	Jumping
118_11	118	120	5.8	jump	1.1-3.6	16/85	1.0	81-144				Jump	Jumping
118_12	118	120	5.9	jump	1.7-3.8	15/66	1.2	92-128				Jump	Jumping
118_13	118	120	5.7	jump	1.7-3.9	15/78	1.1	92-134				Jump	Jumping
118_14	118	120	6.4	jump	1.7-4.8	14/91	1.1	91-146				Jump	Jumping
118_15	118	120	5.3	jump	1.6-3.8	15/92	1.2	84-128				Jump	Jumping
118_16	118	120	5.5	jump	1.8-4.4	15/89	1.2	84-132				Jump	Jumping
118_17	118	120	5.4	jump	1.3-3.6	16/134	1.4	76-150				Jump	Jumping
118_18	118	120	4.9	jump	1.1-3.2	14/82	1.4	90-118				Jump	Jumping
118_19	118	120	5.1	jump	2.0-3.8	14/80	1.2	90-121				Jump	Jumping
118_20	118	120	4.6	jump	1.1-3.1	16/91	1.4	89-141				Jump	Jumping
118_21	118	120	6.3	jump	2.2-4.3	17/118	1.6	81-129				Jump	Jumping
118_22	118	120	5.4	jump	1.2-3.4	16/109	1.5	81-133				Jump	Jumping
118_23	118	120	5.4	jump	0.8-3.2	15/131	1.6	83-148				Jump	Jumping
118_24	118	120	5.9	jump	2.0-4.7	15/81	1.7	92-120				Jump	Jumping
118_25	118	120	4.9	jump	1.0-3.2	15/82	1.6	89-131				Jump	Jumping
118_26	118	120	5.4	jump	1.9-3.6	16/82	1.6	88-141				Jump	Jumping
118_27	118	120	5.4	jump	0.8-3.0	14/140	1.8	83-121				Jump	Jumping
118_28	118	120	5.8	jump	1.6-4.2	18/85	1.7	85-129				Jump	Jumping
118_29	118	120	4.9	jump	1.0-3.3	18/122	1.9	82-137				Jump	Jumping
118_30	118	120	6.9	jump	0.0-6.9	13/74	0.9	91-115				Jump	Jumping
118_31	118	120	1.7	calibration	1.5-1.7	10/33	0.0	88-88				Motorcycle	Jumping
118_32	118	120	15.6	calibration	2.1-14.2	17/126	1.9	49-111				Range of motion	Jumping
120_01	120	120	10.2	animal and character	1.6-10.2	19/86	5.3	85-105				Alien Turn	Various Style Walks
120_02	120	120	11.9	animal and character	1.3-11.9	21/124	9.4	58-105		Gorilla_Walk_Loop		Gorilla	Various Style Walks
120_03	120	120	12.6	animal and character	1.6-11.8	20/94	4.2	73-103				Mickey cast spell	Various Style Walks
120_04	120	120	54.2	animal and character	1.7-52.6	17/115	8.4	67-129				Mickey Conducting	Various Style Walks
120_05	120	120	11.3	dance	1.5-11.3	20/97	4.3	78-106				Mickey Dance	Various Style Walks
120_06	120	120	11.9	dance	0.5-11.9	20/135	6.6	79-106				Mickey Dance	Various Style Walks
120_07	120	120	9.3	dance	0.8-8.9	17/84	2.6	89-106				Mickey Dance	Various Style Walks
120_08	120	120	10.0	animal and character	1.0-10.0	15/79	4.6	84-101			pick: Cartoon_Sneak (tiptoe sneak, a cartoon thief)	Mickey sneaky walk	Various Style Walks
120_09	120	120	10.6	animal and character	0.7-10.6	20/78	4.8	85-104				Mickey sneaking walk	Various Style Walks
120_10	120	120	10.2	animal and character	1.4-10.2	17/89	4.8	85-102				Mickey sneaking walk	Various Style Walks
120_11	120	120	10.3	animal and character	0.9-9.9	17/99	5.2	80-100				Mickey sneaking walk	Various Style Walks
120_12	120	120	8.7	animal and character	0.0-8.7	18/93	4.9	80-102				Mickey sneaking walk	Various Style Walks
120_13	120	120	8.3	animal and character	0.1-8.1	19/90	5.0	79-101				Mickey sneaking walk	Various Style Walks
120_14	120	120	10.7	animal and character	0.0-9.6	18/87	5.1	73-102				Mickey sneaking walk	Various Style Walks
120_15	120	120	12.2	animal and character	0.0-12.2	17/104	5.4	79-108				Mickey Surprised	Various Style Walks
120_16	120	120	12.6	animal and character	1.4-12.6	16/93	6.1	80-116				Mickey Surprised	Various Style Walks
120_17	120	120	9.6	animal and character	1.7-9.6	17/104	4.5	84-109				Mickey Walk	Various Style Walks
120_18	120	120	11.4	animal and character	1.2-9.6	16/99	4.5	86-110				Mickey Walk	Various Style Walks
120_19	120	120	106.6	locomotion	2.4-105.8	16/104	37.7	99-107				Walk slow	Various Style Walks
120_20	120	120	89.5	locomotion	1.7-89.4	16/103	33.1	98-107				Walk	Various Style Walks
120_21	120	120	25.9	animal and character	0.0-25.9	14/96	5.3	94-103		Robot		Robot	Various Style Walks
120_22	120	120	11.0	animal and character	1.5-11.0	18/101	4.9	94-107		Zombie_Walk_Loop		Zombie	Various Style Walks
121_01	121	120	6.6	undescribed	2.0-5.6	19/143	2.6	10-107	fps? inverted				
121_02	121	120	6.5	undescribed	0.0-6.5	16/90	3.6	89-107	fps? inverted				
121_03	121	120	7.4	undescribed	2.6-5.2	18/106	3.8	90-108	fps? inverted				
121_04	121	120	5.8	undescribed	2.6-5.1	18/95	3.7	91-107	fps? inverted				
121_05	121	120	4.3	undescribed	0.9-4.1	18/99	3.2	83-138	fps?				
121_06	121	120	5.2	undescribed	2.2-4.9	19/107	3.5	87-134	fps?				
121_07	121	120	7.5	undescribed	4.3-7.2	14/91	3.8	86-135	fps?				
121_08	121	120	2.8	undescribed	1.1-2.5	15/91	2.0	80-129	fps? inverted				
121_09	121	120	2.5	undescribed	0.6-2.4	15/122	1.5	81-150	fps? inverted				
121_10	121	120	0.0	undescribed	0.0-0.0	10/27	0.0	85-85	fps? short				
121_11	121	120	1.5	undescribed	0.0-1.3	15/100	4.5	85-116	fps? inverted				
121_12	121	120	6.9	undescribed	2.3-5.4	16/103	1.3	19-157	fps? inverted floats				
121_13	121	120	7.7	undescribed	2.3-7.7	15/100	1.6	19-153	fps? inverted floats				
121_14	121	120	7.0	undescribed	2.1-6.3	16/96	2.9	91-136	fps? inverted floats				
121_15	121	120	9.9	undescribed	3.0-9.9	14/100	2.8	89-126	fps? inverted floats				
121_16	121	120	6.0	undescribed	1.9-4.1	15/92	1.1	24-183	fps? floats				
121_17	121	120	5.0	undescribed	1.8-4.6	15/69	2.3	34-118	fps? inverted floats				
121_18	121	120	3.3	undescribed	0.3-1.9	24/91	0.3	18-122	fps? floats				
121_19	121	120	8.7	undescribed	0.1-7.2	21/198	4.6	33-115	fps? inverted				
121_20	121	120	14.8	undescribed	1.4-13.9	18/140	6.8	8-106	fps? inverted				
121_21	121	120	11.3	undescribed	0.7-10.5	20/140	6.2	11-140	fps? inverted				
121_22	121	120	5.8	undescribed	1.3-5.8	13/94	4.2	101-106	fps?				
121_23	121	120	9.9	undescribed	2.0-7.8	13/97	4.5	100-106	fps?				
121_24	121	120	6.5	undescribed	1.8-6.0	12/87	2.1	95-163	fps?				
121_25	121	120	10.5	undescribed	0.1-10.5	11/86	4.2	86-164	fps? floats				
121_26	121	120	11.9	undescribed	0.0-11.9	11/78	4.0	160-164	fps? floats				
121_27	121	120	10.2	undescribed	0.0-10.2	12/80	4.1	156-165	fps? floats				
121_28	121	120	6.4	undescribed	1.6-6.4	17/113	3.1	11-98	fps? inverted				
121_29	121	120	12.3	undescribed	0.6-12.3	18/133	9.5	46-145	fps? inverted				
121_30	121	120	11.9	undescribed	2.5-11.9	15/100	3.5	36-108	fps?				
121_31	121	120	8.2	undescribed	1.6-8.2	16/94	2.7	36-107	fps?				
121_32	121	120	6.0	undescribed	0.0-6.0	18/69	4.2	102-107	fps?				
121_33	121	120	7.5	undescribed	0.0-7.5	16/96	3.1	8-99	fps? inverted				
121_34	121	120	7.0	undescribed	1.9-4.7	14/96	2.6	9-109	fps? inverted				
121_35	121	120	5.8	undescribed	1.5-5.2	15/96	2.8	9-101	fps? inverted				
121_36	121	120	5.5	undescribed	2.0-5.5	16/132	2.7	10-97	fps? inverted				
122_01	122	120	5.3	everyday	2.1-4.6	25/71	1.2	94-116				clean	Varying Height and Length Steps
122_02	122	120	3.0	everyday	0.0-2.9	27/77	0.5	104-121				clean	Varying Height and Length Steps
122_03	122	120	5.6	everyday	0.0-5.1	27/77	0.9	97-121				clean	Varying Height and Length Steps
122_04	122	120	3.9	everyday	0.2-3.6	27/80	0.9	96-121				clean	Varying Height and Length Steps
122_05	122	120	4.0	everyday	0.5-4.0	24/88	1.2	87-122				clean	Varying Height and Length Steps
122_06	122	120	3.3	everyday	0.0-3.3	24/69	1.1	97-126				clean	Varying Height and Length Steps
122_07	122	120	3.5	everyday	0.0-3.4	26/75	0.4	109-126				clean	Varying Height and Length Steps
122_08	122	120	3.8	everyday	0.7-3.8	27/73	0.8	108-126				clean	Varying Height and Length Steps
122_09	122	120	3.8	everyday	0.0-3.2	29/83	0.5	109-126				clean	Varying Height and Length Steps
122_10	122	120	4.0	everyday	0.5-4.0	27/70	0.8	108-125				clean	Varying Height and Length Steps
122_11	122	120	0.8	undescribed	0.0-0.5	16/62	0.0	75-76	short				Varying Height and Length Steps
122_12	122	120	4.2	everyday	0.3-4.2	28/87	0.9	105-126				clean	Varying Height and Length Steps
122_13	122	120	4.2	everyday	0.8-3.9	26/68	1.1	97-126				clean	Varying Height and Length Steps
122_14	122	120	3.6	everyday	0.0-3.3	30/91	0.4	110-126				clean	Varying Height and Length Steps
122_15	122	120	4.3	everyday	1.1-3.5	31/80	0.8	106-126	loose			clean	Varying Height and Length Steps
122_16	122	120	4.2	everyday	0.6-3.5	28/80	0.9	105-126				clean	Varying Height and Length Steps
122_17	122	120	4.4	everyday	1.0-3.5	27/73	1.2	96-126				clean	Varying Height and Length Steps
122_18	122	120	3.9	everyday	0.0-3.6	33/83	0.5	114-116	loose			clean	Varying Height and Length Steps
122_19	122	120	4.2	everyday	1.3-3.9	30/78	0.9	104-115				clean	Varying Height and Length Steps
122_20	122	120	4.4	everyday	1.2-3.7	31/87	0.8	107-116	loose			clean	Varying Height and Length Steps
122_21	122	120	4.3	everyday	1.1-3.7	29/75	1.1	95-115				clean	Varying Height and Length Steps
122_22	122	120	44.8	everyday	3.0-44.6	26/91	4.6	44-108				clean	Varying Height and Length Steps
122_23	122	120	4.5	everyday	0.0-3.9	28/77	0.6	105-121				clean	Varying Height and Length Steps
122_24	122	120	4.4	everyday	1.2-4.4	30/82	1.0	98-121				clean	Varying Height and Length Steps
122_25	122	120	4.5	everyday	0.0-4.5	30/82	0.9	100-121				clean	Varying Height and Length Steps
122_26	122	120	4.3	everyday	1.1-3.8	29/88	1.2	89-120				clean	Varying Height and Length Steps
122_27	122	120	8.2	everyday	1.3-7.6	29/78	2.7	102-146				clean	Varying Height and Length Steps
122_28	122	120	7.8	everyday	0.0-7.1	28/69	2.8	101-145				clean	Varying Height and Length Steps
122_29	122	120	7.9	everyday	0.1-7.9	28/71	3.0	102-145				clean	Varying Height and Length Steps
122_30	122	120	8.4	everyday	1.8-7.8	28/71	3.1	101-145				clean	Varying Height and Length Steps
122_31	122	120	7.8	everyday	1.0-7.8	28/78	2.7	101-161				clean	Varying Height and Length Steps
122_32	122	120	8.7	everyday	1.5-8.0	31/96	2.7	101-161	loose			clean	Varying Height and Length Steps
122_33	122	120	10.8	everyday	0.0-10.5	27/78	1.4	114-117				clean	Varying Height and Length Steps
122_34	122	120	8.1	everyday	0.0-7.7	28/72	3.0	101-161				clean	Varying Height and Length Steps
122_35	122	120	8.7	everyday	1.4-7.7	28/75	3.0	102-161				clean	Varying Height and Length Steps
122_36	122	120	8.8	everyday	1.5-8.8	29/86	4.4	99-105				clean	Varying Height and Length Steps
122_37	122	120	8.0	everyday	0.1-8.0	30/120	4.7	98-104	loose			clean	Varying Height and Length Steps
122_38	122	120	8.4	everyday	1.7-8.4	30/123	4.7	98-105	loose			clean	Varying Height and Length Steps
122_39	122	120	8.1	everyday	1.0-8.1	28/74	4.4	97-104				clean	Varying Height and Length Steps
122_40	122	120	4.4	everyday	0.0-4.0	27/81	0.6	94-121				clean	Varying Height and Length Steps
122_41	122	120	3.9	everyday	1.4-3.7	23/62	0.6	92-125				clean	Varying Height and Length Steps
122_42	122	120	4.5	everyday	0.0-3.8	23/68	1.1	85-128				clean	Varying Height and Length Steps
122_43	122	120	5.0	everyday	1.8-4.2	22/72	1.8	74-132				clean	Varying Height and Length Steps
122_44	122	120	5.5	everyday	0.0-5.5	28/76	0.9	107-116				clean	Varying Height and Length Steps
122_45	122	120	4.1	everyday	0.0-3.7	23/76	0.6	83-152				clean	Varying Height and Length Steps
122_46	122	120	4.2	everyday	1.3-3.6	22/66	1.1	79-153				clean	Varying Height and Length Steps
122_47	122	120	5.2	everyday	1.5-4.2	19/74	2.0	59-150				clean	Varying Height and Length Steps
122_48	122	120	3.7	everyday	0.0-3.3	23/61	0.5	95-121				clean	Varying Height and Length Steps
122_49	122	120	3.8	everyday	1.5-3.3	25/91	1.1	86-124				clean	Varying Height and Length Steps
122_50	122	120	4.4	everyday	1.7-3.9	20/66	1.8	58-128				clean	Varying Height and Length Steps
122_51	122	120	4.9	everyday	0.0-4.0	23/66	0.3	93-132				clean	Varying Height and Length Steps
122_52	122	120	4.2	everyday	1.9-3.7	21/77	0.3	82-149				clean	Varying Height and Length Steps
122_53	122	120	4.5	everyday	1.7-4.0	20/68	0.4	74-163				clean	Varying Height and Length Steps
122_54	122	120	3.5	everyday	0.0-3.5	21/60	0.3	85-136				clean	Varying Height and Length Steps
122_55	122	120	6.1	everyday	2.6-5.3	29/79	0.9	107-117				clean	Varying Height and Length Steps
122_56	122	120	4.2	everyday	1.5-3.3	21/54	0.3	80-151				clean	Varying Height and Length Steps
122_57	122	120	3.4	everyday	0.8-3.0	18/70	0.5	73-165				clean	Varying Height and Length Steps
122_58	122	120	3.0	everyday	0.6-2.2	20/60	0.4	85-136				cleaned	Varying Height and Length Steps
122_59	122	120	5.0	everyday	2.3-4.8	22/64	0.6	81-154				clean	Varying Height and Length Steps
122_60	122	120	3.4	everyday	0.3-3.4	19/82	0.6	78-162				clean	Varying Height and Length Steps
122_61	122	120	4.2	everyday	1.2-3.2	18/55	0.8	85-149				clean	Varying Height and Length Steps
122_62	122	120	3.9	everyday	1.0-3.5	20/65	0.8	77-162				clean	Varying Height and Length Steps
122_63	122	120	5.7	everyday	2.4-5.0	26/74	1.2	95-116				clean	Varying Height and Length Steps
122_64	122	120	4.8	everyday	2.0-4.2	20/95	0.8	76-155				clean	Varying Height and Length Steps
122_65	122	120	3.3	everyday	0.7-3.3	19/65	0.8	77-150				clean	Varying Height and Length Steps
122_66	122	120	5.6	everyday	0.0-5.3	28/79	0.6	113-116				clean	Varying Height and Length Steps
122_67	122	120	5.6	everyday	0.0-5.0	28/81	0.9	106-116				clean	Varying Height and Length Steps
122_68	122	120	5.5	everyday	0.0-5.5	27/85	1.1	106-116				clean	Varying Height and Length Steps
123_01	123	120	6.0	everyday	0.4-6.0	16/78	3.2	103-108				15.5 lbs	Carry Suitcase with Varying Weights
123_02	123	120	6.3	everyday	1.2-6.3	16/85	3.7	102-107				15.5 lbs	Carry Suitcase with Varying Weights
123_03	123	120	15.4	everyday	0.0-15.4	14/91	1.2	106-108				19.5lb	Carry Suitcase with Varying Weights
123_04	123	120	13.9	everyday	0.0-13.9	20/103	1.2	106-109				19.5 lbs	Carry Suitcase with Varying Weights
123_05	123	120	7.5	everyday	0.0-7.5	18/90	3.7	103-108				19.5 lbs	Carry Suitcase with Varying Weights
123_06	123	120	7.0	everyday	0.0-7.0	17/87	3.3	103-108				19.5 lbs	Carry Suitcase with Varying Weights
123_07	123	120	13.0	everyday	0.0-13.0	15/80	0.8	104-107				12.5lb	Carry Suitcase with Varying Weights
123_08	123	120	7.1	everyday	1.3-7.1	19/87	3.8	103-108				12.5 lbs	Carry Suitcase with Varying Weights
123_09	123	120	7.0	everyday	0.6-7.0	21/97	4.1	98-108				12.5 lbs	Carry Suitcase with Varying Weights
123_10	123	120	6.7	everyday	0.9-6.7	22/90	3.9	103-108				12.5lb	Carry Suitcase with Varying Weights
123_11	123	120	5.2	everyday	1.2-5.2	16/85	3.0	104-107				15.5 lbs	Carry Suitcase with Varying Weights
123_12	123	120	6.6	everyday	1.3-6.6	17/84	3.8	102-108				15.5 lbs	Carry Suitcase with Varying Weights
123_13	123	120	5.6	everyday	0.0-5.6	18/80	2.6	104-107				15.5 lbs	Carry Suitcase with Varying Weights
124_01	124	120	5.4	sports	1.1-5.4	17/135	2.4	80-100				Baseball Pitch	Sports Related Motions
124_02	124	120	11.0	sports	1.0-11.0	17/116	4.5	85-105				Baseball Pitch	Sports Related Motions
124_03	124	120	8.0	sports	0.0-8.0	17/105	2.1	86-110				Basketball Shoot	Sports Related Motions
124_04	124	120	6.0	sports	0.1-6.0	19/85	0.7	90-112				Basketball Free Throw	Sports Related Motions
124_05	124	120	6.6	jump	0.4-6.6	16/99	2.5	88-140				Basketball Jump Shot	Sports Related Motions
124_06	124	120	5.8	sports	0.6-5.8	20/99	5.0	82-163				Basketball Lay Up	Sports Related Motions
124_07	124	120	10.8	sports	0.0-10.8	17/118	2.4	94-101				Baseball Swing	Sports Related Motions
124_08	124	120	6.5	sports	0.0-6.5	17/113	1.3	89-103				Baseball Bunt	Sports Related Motions
124_09	124	120	20.5	sports	0.0-20.5	17/123	2.4	89-105				Frisbee	Sports Related Motions
124_10	124	120	2.1	calibration	1.9-2.1	14/49	0.0	90-90				Motorcycle	Sports Related Motions
124_11	124	120	8.3	jump	1.0-7.5	17/85	4.8	77-128				2 Foot Jump	Sports Related Motions
124_12	124	120	12.4	sports	0.3-12.4	18/92	1.3	99-105				Underhand Toss	Sports Related Motions
124_13	124	120	7.2	sports	1.2-7.2	19/109	2.8	88-102				Underhand Fast Pitch	Sports Related Motions
125_01	125	120	35.5	sports	0.3-35.5	20/115	7.3	56-104	floats		pick: Breaststroke_Loop (swimming)	Breast Stroke	Swimming
125_02	125	120	35.6	sports	1.1-35.6	29/168	5.0	65-104	inverted			Breast Stroke	Swimming
125_03	125	120	36.7	sports	1.3-36.7	20/126	5.4	68-102	floats			Break Stroke	Swimming
125_04	125	120	40.1	sports	1.1-40.0	23/143	6.6	95-121	inverted floats			Breast Stroke	Swimming
125_05	125	120	22.3	sports	0.4-22.3	20/162	5.1	64-104	inverted floats			Butterfly	Swimming
125_06	125	120	40.7	sports	0.4-40.7	23/139	6.5	67-104	inverted floats			Free Style	Swimming
125_07	125	120	3.0	calibration	0.0-2.3	20/50	0.1	90-92				Motorcycle	Swimming
126_01	126	120	21.6	sports	0.0-21.6	59/321	1.9	54-56	inverted loose		pick: Backstroke_Loop (swimming)	Back Stroke	Swimming 2
126_02	126	120	14.6	sports	0.0-14.6	45/154	3.2	83-86	inverted floats loose			Back Stroke	Swimming 2
126_03	126	120	21.5	sports	0.0-21.5	22/170	5.0	86-101	inverted floats			Breast Stroke	Swimming 2
126_04	126	120	13.8	sports	0.0-13.8	16/110	1.5	55-62	inverted floats			Breast Stroke	Swimming 2
126_05	126	120	13.0	sports	0.0-13.0	30/143	2.3	78-87	floats			Breast Stroke	Swimming 2
126_06	126	120	20.9	sports	0.0-20.9	35/157	3.7	87-95	inverted floats loose			Fly Stroke	Swimming 2
126_07	126	120	21.0	sports	0.0-21.0	52/194	5.9	90-96	inverted floats loose			Fly Stroke	Swimming 2
126_08	126	120	12.8	sports	0.0-12.8	18/127	2.0	59-63	inverted floats			Fly Stroke	Swimming 2
126_09	126	120	14.8	sports	0.0-14.8	29/151	1.5	84-92	inverted floats			Fly Stroke	Swimming 2
126_10	126	120	10.4	sports	0.2-10.4	43/207	2.3	91-94	inverted floats loose			Free Style	Swimming 2
126_11	126	120	15.2	sports	0.0-15.2	17/96	1.4	60-61	inverted floats			Free Style	Swimming 2
126_12	126	120	20.1	sports	0.0-20.1	27/143	3.4	86-91	inverted floats			Free Style	Swimming 2
126_13	126	120	1.0	calibration	0.1-1.0	15/40	0.0	86-88	short			Motorcycle	Swimming 2
126_14	126	120	56.3	calibration	1.3-55.5	18/159	5.2	44-111				Range of Motion	Swimming 2
127_01	127	120	2.1	calibration	1.9-2.1	12/40	0.0	92-93				Motorcycle	Action Adventure Obstacles, running, jumping, ducking, rolling
127_02	127	120	14.7	calibration	1.0-13.4	16/66	1.8	44-107				Range of Motion	Action Adventure Obstacles, running, jumping, ducking, rolling
127_03	127	120	2.8	locomotion	1.3-2.8	17/65	4.4	89-99				Run	Action Adventure Obstacles, running, jumping, ducking, rolling
127_04	127	120	3.7	locomotion	1.8-3.7	17/66	4.8	88-101				Walk to Run	Action Adventure Obstacles, running, jumping, ducking, rolling
127_05	127	120	3.2	locomotion	0.0-1.6	19/89	4.9	68-100		Run_Quick_Stop		Run to Quick Stop	Action Adventure Obstacles, running, jumping, ducking, rolling
127_06	127	120	1.4	locomotion	0.0-1.4	19/66	5.5	88-102				Run	Action Adventure Obstacles, running, jumping, ducking, rolling
127_07	127	120	1.2	locomotion	0.0-1.2	22/76	5.1	88-102				Run	Action Adventure Obstacles, running, jumping, ducking, rolling
127_08	127	120	1.2	locomotion	0.0-1.2	20/71	5.2	87-99				Run	Action Adventure Obstacles, running, jumping, ducking, rolling
127_09	127	120	1.6	locomotion	0.0-1.6	16/69	5.5	87-97				Run Right	Action Adventure Obstacles, running, jumping, ducking, rolling
127_10	127	120	1.4	locomotion	0.0-1.4	16/106	5.2	84-95				Run Right	Action Adventure Obstacles, running, jumping, ducking, rolling
127_11	127	120	1.7	locomotion	0.0-1.7	18/56	5.2	84-98				Run Left	Action Adventure Obstacles, running, jumping, ducking, rolling
127_12	127	120	1.5	locomotion	0.0-1.5	19/88	5.3	82-100				Run Left	Action Adventure Obstacles, running, jumping, ducking, rolling
127_13	127	120	1.5	locomotion	0.0-1.5	18/88	5.1	87-97				Run Side Step Left	Action Adventure Obstacles, running, jumping, ducking, rolling
127_14	127	120	1.3	locomotion	0.0-1.3	16/83	4.6	86-97				Run Side Step Right	Action Adventure Obstacles, running, jumping, ducking, rolling
127_15	127	120	1.4	locomotion	0.0-1.4	19/83	4.4	87-93				Run Turn Left	Action Adventure Obstacles, running, jumping, ducking, rolling
127_16	127	120	2.1	locomotion	0.0-2.1	16/73	5.4	89-103				Run Turn Right	Action Adventure Obstacles, running, jumping, ducking, rolling
127_17	127	120	3.2	locomotion	0.0-3.2	19/62	4.5	86-103				Run Stop Run	Action Adventure Obstacles, running, jumping, ducking, rolling
127_18	127	120	3.3	locomotion	0.0-3.3	19/91	5.2	87-104				Run Stop Run	Action Adventure Obstacles, running, jumping, ducking, rolling
127_19	127	120	3.7	locomotion	0.0-3.7	18/82	5.4	81-104				Run Quick Stop Run	Action Adventure Obstacles, running, jumping, ducking, rolling
127_20	127	120	3.0	locomotion	0.0-3.0	17/57	5.3	83-104				Run Quick Stop Run	Action Adventure Obstacles, running, jumping, ducking, rolling
127_21	127	120	3.0	jump	0.0-3.0	18/82	5.5	84-130				Run Jump Stop Run	Action Adventure Obstacles, running, jumping, ducking, rolling
127_22	127	120	3.0	jump	0.0-3.0	19/84	5.8	80-135				Run Jump Stop Run	Action Adventure Obstacles, running, jumping, ducking, rolling
127_23	127	120	2.9	acrobatics	0.0-2.9	21/108	5.3	11-104	inverted			Run Dive Over Roll Run	Action Adventure Obstacles, running, jumping, ducking, rolling
127_24	127	120	2.8	acrobatics	0.0-2.8	21/95	5.5	12-106	inverted			Run Dive Over Roll Run	Action Adventure Obstacles, running, jumping, ducking, rolling
127_25	127	120	1.9	jump	0.0-1.9	19/101	5.4	84-149		Run_Jump_Over		Run Jump Over	Action Adventure Obstacles, running, jumping, ducking, rolling
127_26	127	120	2.0	jump	0.0-2.0	19/90	5.7	83-150				Run Jump Over	Action Adventure Obstacles, running, jumping, ducking, rolling
127_27	127	120	2.1	jump	0.0-2.1	20/85	5.5	87-134				Run Jump Over	Action Adventure Obstacles, running, jumping, ducking, rolling
127_28	127	120	1.8	jump	0.0-1.8	19/104	5.2	86-139				Run Jump Over	Action Adventure Obstacles, running, jumping, ducking, rolling
127_29	127	120	1.7	combat	0.0-1.7	18/136	5.4	72-101		Duck_Under		Run Duck Underneath	Action Adventure Obstacles, running, jumping, ducking, rolling
127_30	127	120	2.0	combat	0.0-2.0	18/57	5.8	76-103				Run Duck Underneath	Action Adventure Obstacles, running, jumping, ducking, rolling
127_31	127	120	4.3	combat	0.0-4.3	20/93	5.6	46-96				Run Duck Underneath	Action Adventure Obstacles, running, jumping, ducking, rolling
127_32	127	120	2.7	combat	0.0-2.7	28/199	4.9	63-94				Run Duck Underneath	Action Adventure Obstacles, running, jumping, ducking, rolling
127_33	127	120	1.7	locomotion	0.0-1.7	18/49	5.1	92-126				Run Over	Action Adventure Obstacles, running, jumping, ducking, rolling
127_34	127	120	1.7	locomotion	0.0-1.7	18/61	5.2	91-129				Run Over	Action Adventure Obstacles, running, jumping, ducking, rolling
127_35	127	120	2.0	locomotion	0.0-2.0	16/71	5.5	89-129				Run Over	Action Adventure Obstacles, running, jumping, ducking, rolling
127_36	127	120	1.8	locomotion	0.0-1.8	20/87	5.4	86-123				Run Over	Action Adventure Obstacles, running, jumping, ducking, rolling
127_37	127	120	2.8	combat	0.8-2.8	17/92	5.3	76-100	inverted			Run Duck Underneath	Action Adventure Obstacles, running, jumping, ducking, rolling
127_38	127	120	1.6	combat	0.0-1.6	15/62	5.4	79-103	inverted			Run Duck Underneath	Action Adventure Obstacles, running, jumping, ducking, rolling
128_01	128	120	2.7	calibration	2.5-2.7	17/57	0.0	94-94				Motorcycle	Action Adventure Motions running, ducking, rolling, stopping
128_02	128	120	1.4	locomotion	0.0-1.4	18/67	5.4	95-104				Run Left	Action Adventure Motions running, ducking, rolling, stopping
128_03	128	120	1.4	locomotion	0.0-1.4	21/63	5.2	91-103				Run Right	Action Adventure Motions running, ducking, rolling, stopping
128_04	128	120	1.1	combat	0.0-1.1	16/55	4.2	80-97				Run Duck Underneath	Action Adventure Motions running, ducking, rolling, stopping
128_05	128	120	1.7	locomotion	0.0-1.7	19/51	2.8	89-108				Run Stop Run	Action Adventure Motions running, ducking, rolling, stopping
128_06	128	120	1.6	locomotion	0.0-1.6	18/58	2.9	86-105				Run Stop Run	Action Adventure Motions running, ducking, rolling, stopping
128_07	128	120	2.9	locomotion	0.0-2.9	19/64	3.0	84-105				Run Stop Run	Action Adventure Motions running, ducking, rolling, stopping
128_08	128	120	2.7	locomotion	0.0-2.7	18/55	2.1	89-106				Run Stop Run	Action Adventure Motions running, ducking, rolling, stopping
128_09	128	120	1.4	acrobatics	0.0-1.4	19/81	4.4	10-101	inverted			Run Roll Underneath	Action Adventure Motions running, ducking, rolling, stopping
128_10	128	120	3.6	acrobatics	0.0-3.6	19/96	5.6	10-103	inverted	Dive_Roll		Run Dive Over Roll Run	Action Adventure Motions running, ducking, rolling, stopping
128_11	128	120	3.1	acrobatics	0.0-3.1	23/98	5.2	12-103	inverted			Run Dive Over Roll Run	Action Adventure Motions running, ducking, rolling, stopping
131_01	131	120	8.3	locomotion	0.0-7.0	16/94	4.5	54-106				Start Walk Stop	Michael Jackson Styled Motions
131_02	131	120	10.4	locomotion	0.3-9.9	14/83	2.1	101-111				Start Walk Stop	Michael Jackson Styled Motions
131_03	131	120	9.2	jump	0.7-8.8	12/126	4.7	88-122				Start Hop Stop	Michael Jackson Styled Motions
131_04	131	120	9.0	jump	0.4-8.1	13/86	4.7	86-133				Start Hop Stop	Michael Jackson Styled Motions
131_05	131	120	10.5	combat	0.4-9.1	15/96	4.5	68-104				Start Duck Underneath Stop	Michael Jackson Styled Motions
131_06	131	120	9.9	combat	1.0-8.9	16/78	4.3	65-105				Start Duck Underneath Stop	Michael Jackson Styled Motions
131_07	131	120	5.8	jump	0.3-5.3	12/73	3.2	84-155				Jump Stop	Michael Jackson Styled Motions
131_08	131	120	6.5	jump	0.0-6.1	13/91	4.7	87-154				Jump Stop	Michael Jackson Styled Motions
131_09	131	120	19.1	locomotion	0.3-18.1	15/107	5.8	94-107				Start Walk Left	Michael Jackson Styled Motions
131_10	131	120	14.8	locomotion	0.2-13.5	15/109	5.0	98-107				Start Walk Left	Michael Jackson Styled Motions
131_11	131	120	9.7	locomotion	0.5-9.1	12/83	4.3	92-113				Start Walk Left	Michael Jackson Styled Motions
131_12	131	120	6.4	locomotion	0.0-5.9	13/97	4.4	99-107				Start Walk Right	Michael Jackson Styled Motions
131_13	131	120	11.0	locomotion	0.0-11.0	13/99	4.8	90-112				Start Walk Right	Michael Jackson Styled Motions
131_14	131	120	16.1	locomotion	0.5-15.0	12/111	6.0	87-109				Start Walk Right	Michael Jackson Styled Motions
132_01	132	120	11.8	exercise	0.8-11.8	14/78	3.6	103-105				Walk With Arms Out, balancing	Varying Weird Walks
132_02	132	120	9.5	exercise	0.3-9.5	15/79	3.6	100-104				Walk With Arms Out, balancing	Varying Weird Walks
132_03	132	120	12.3	exercise	0.0-12.3	16/63	4.0	99-104				Walk With Arms Out, balancing	Varying Weird Walks
132_04	132	120	11.2	exercise	0.8-11.2	14/82	3.6	100-104				Walk With Arms Out, balancing	Varying Weird Walks
132_05	132	120	11.0	exercise	0.0-11.0	18/85	4.0	98-104				Walk With Arms Out, balancing	Varying Weird Walks
132_06	132	120	11.1	exercise	0.7-11.1	18/105	3.9	100-105				Walk With Arms Out, balancing	Varying Weird Walks
132_07	132	120	7.5	exercise	0.0-7.5	17/68	3.4	101-106				Walk With Arms Out, balancing	Varying Weird Walks
132_08	132	120	12.1	exercise	0.0-11.9	16/74	4.1	101-106				Walk With Arms Out, balancing	Varying Weird Walks
132_09	132	120	9.8	exercise	0.0-9.8	18/91	4.2	101-105				Walk With Arms Out, balancing	Varying Weird Walks
132_10	132	120	13.5	exercise	0.0-13.5	17/72	4.1	102-106				Walk With Arms Out, balancing	Varying Weird Walks
132_11	132	120	13.4	exercise	0.0-13.4	16/72	4.0	103-106				Walk With Arms Out, balancing	Varying Weird Walks
132_12	132	120	13.2	exercise	0.0-13.2	17/94	4.0	102-106				Walk With Arms Out, balancing	Varying Weird Walks
132_13	132	120	79.3	locomotion	0.6-79.3	16/164	37.4	98-111				Walk Backwards	Varying Weird Walks
132_14	132	120	55.3	combat	1.0-55.3	19/116	26.7	101-106				Walk Duck Footed	Varying Weird Walks
132_15	132	120	54.5	locomotion	0.0-54.5	19/111	27.0	81-104				Walk With Knees Bent	Varying Weird Walks
132_16	132	120	77.5	locomotion	1.3-76.2	16/107	36.4	92-104				Walk Crossover	Varying Weird Walks
132_17	132	120	2.2	locomotion	0.7-2.2	15/66	2.2	99-103				Walk Fast	Varying Weird Walks
132_18	132	120	3.5	locomotion	0.7-3.5	16/73	4.2	97-103				Walk Fast	Varying Weird Walks
132_19	132	120	2.3	locomotion	0.0-2.3	17/72	2.4	98-104				Walk Fast	Varying Weird Walks
132_20	132	120	2.8	locomotion	0.4-2.8	19/91	4.1	98-104				Walk Fast	Varying Weird Walks
132_21	132	120	2.9	locomotion	0.7-2.9	16/77	3.5	99-104				Walk Fast	Varying Weird Walks
132_22	132	120	3.1	locomotion	0.5-3.1	17/74	4.1	100-106				Walk Fast	Varying Weird Walks
132_23	132	120	6.2	jump	2.1-6.1	18/80	4.0	92-114		Hop_One_Foot_Loop		Hop on left foot	Varying Weird Walks
132_24	132	120	6.2	jump	1.9-6.0	19/81	3.8	91-115				Hop on left foot	Varying Weird Walks
132_25	132	120	4.6	jump	1.0-4.4	20/97	3.6	92-112				Hop on left foot	Varying Weird Walks
132_26	132	120	5.3	jump	1.2-5.0	22/73	3.8	93-114				Hop on left foot	Varying Weird Walks
132_27	132	120	6.1	jump	1.2-5.9	20/71	4.0	94-114				Hop on left foot	Varying Weird Walks
132_28	132	120	6.0	jump	1.0-5.2	20/85	4.1	92-115				Hop on left foot	Varying Weird Walks
132_29	132	120	6.5	locomotion	0.0-6.5	15/78	4.0	98-114				Bouncy Walk	Varying Weird Walks
132_30	132	120	6.5	locomotion	1.1-6.5	17/72	4.3	97-119				Bouncy Walk	Varying Weird Walks
132_31	132	120	6.0	locomotion	0.0-6.0	19/81	4.1	96-118				Bouncy Walk	Varying Weird Walks
132_32	132	120	5.4	locomotion	0.8-5.4	17/81	3.9	92-117				Bouncy Walk	Varying Weird Walks
132_33	132	120	3.4	locomotion	0.0-3.4	17/78	3.5	92-115				Bouncy Walk	Varying Weird Walks
132_34	132	120	4.3	locomotion	0.7-4.3	14/57	3.9	94-115				Bouncy Walk	Varying Weird Walks
132_35	132	120	10.5	everyday	0.0-10.5	17/92	4.1	102-106				Walk Leaning To The Right	Varying Weird Walks
132_36	132	120	32.5	everyday	0.0-32.5	23/112	20.3	101-107				Walk Leaning To The Right	Varying Weird Walks
132_37	132	120	56.1	locomotion	1.2-56.1	19/92	26.2	98-104			pick: March_Loop (guards on patrol)	Marching	Varying Weird Walks
132_38	132	120	1.5	calibration	1.3-1.5	13/28	0.0	95-95				Motorcycle	Varying Weird Walks
132_39	132	120	52.1	locomotion	2.9-52.1	16/116	23.1	100-105				Pigeon Toed Walking	Varying Weird Walks
132_40	132	120	7.1	locomotion	1.2-6.8	13/62	4.2	102-105				Walk With Stiff Arms	Varying Weird Walks
132_41	132	120	53.0	locomotion	1.1-53.0	14/82	25.7	102-105				Walk With Stiff Arms	Varying Weird Walks
132_42	132	120	5.7	locomotion	0.9-5.7	17/76	3.9	99-105				Walk Swinging Shoulders	Varying Weird Walks
132_43	132	120	6.7	locomotion	1.2-6.7	16/74	4.2	99-106				Walk Swinging Shoulders	Varying Weird Walks
132_44	132	120	43.4	locomotion	1.3-43.4	17/107	25.3	99-106				Walk Swinging Shoulders	Varying Weird Walks
132_45	132	120	12.8	locomotion	0.7-12.8	14/91	4.5	102-105				Walk Slow	Varying Weird Walks
132_46	132	120	10.2	locomotion	0.3-10.2	12/65	4.1	102-106				Walk Slow	Varying Weird Walks
132_47	132	120	12.6	locomotion	0.0-12.6	14/87	4.4	102-105				Walk Slow	Varying Weird Walks
132_48	132	120	13.5	locomotion	0.0-13.5	13/66	4.2	102-105				Walk Slow	Varying Weird Walks
132_49	132	120	14.6	locomotion	0.3-14.6	14/68	4.1	102-105				Walk Slow	Varying Weird Walks
132_50	132	120	17.8	locomotion	0.0-17.8	13/61	4.1	102-105				Walk Slow	Varying Weird Walks
132_51	132	120	1.4	calibration	1.2-1.4	13/51	0.0	105-105				Tpose	Varying Weird Walks
132_52	132	120	11.1	calibration	0.6-10.4	18/97	2.1	48-105				Range of Motion	Varying Weird Walks
132_53	132	120	54.2	locomotion	1.9-54.2	21/122	30.6	88-103				Walk With Legs Apart	Varying Weird Walks
132_54	132	120	50.2	locomotion	1.4-50.1	17/152	26.4	97-105				Walk With Wild Arms	Varying Weird Walks
132_55	132	120	25.8	locomotion	0.4-25.4	17/96	9.1	97-105				Walk With Wild Legs	Varying Weird Walks
132_56	132	120	59.0	locomotion	0.0-58.7	18/121	25.4	95-106				Walk With Wild Legs	Varying Weird Walks
133_01	133	120	11.5	locomotion	0.6-11.5	18/144	5.0	54-105				Walk Crawl	Baby Styled Walk
133_02	133	120	11.9	locomotion	0.5-11.9	22/139	5.4	55-105				Walk Crawl	Baby Styled Walk
133_03	133	120	10.5	jump	0.0-10.5	13/79	5.1	91-134				Walk Jump	Baby Styled Walk
133_04	133	120	6.5	jump	0.8-6.5	13/75	4.4	90-129				Walk Jump	Baby Styled Walk
133_05	133	120	8.1	jump	0.7-8.1	13/79	4.7	88-133				Walk Jump	Baby Styled Walk
133_06	133	120	7.3	jump	0.8-7.3	13/86	4.7	90-134				Walk Jump	Baby Styled Walk
133_07	133	120	8.2	jump	0.9-7.4	13/84	4.5	87-144				Walk Jump	Baby Styled Walk
133_08	133	120	10.3	exercise	0.5-10.3	18/95	3.5	102-107				Stretch Walk	Baby Styled Walk
133_09	133	120	14.4	exercise	0.1-14.4	16/89	5.9	87-105				Stretch Walk	Baby Styled Walk
133_10	133	120	11.0	exercise	0.3-11.0	16/120	3.7	102-109				Stretch Walk	Baby Styled Walk
133_11	133	120	8.8	locomotion	0.8-8.8	11/82	4.9	98-104				Walk Stop Walk	Baby Styled Walk
133_12	133	120	8.1	locomotion	0.6-7.3	11/80	4.8	99-105				Walk Stop Walk	Baby Styled Walk
133_13	133	120	9.5	locomotion	1.1-8.8	11/79	4.8	96-104				Walk Stop Walk	Baby Styled Walk
133_14	133	120	7.4	locomotion	0.8-6.1	12/78	4.8	100-107				Walk Left	Baby Styled Walk
133_15	133	120	7.4	locomotion	0.9-6.4	11/82	4.4	98-106				Walk Left	Baby Styled Walk
133_16	133	120	4.2	locomotion	0.0-4.2	13/89	2.1	100-105				Walk Left	Baby Styled Walk
133_17	133	120	4.8	locomotion	0.0-4.8	13/81	4.5	101-108				Walk Right	Baby Styled Walk
133_18	133	120	3.9	locomotion	0.0-3.9	15/77	2.1	100-104				Walk Right	Baby Styled Walk
133_19	133	120	6.9	locomotion	0.8-6.0	12/74	4.5	101-106				Walk Right	Baby Styled Walk
133_20	133	120	9.1	locomotion	1.1-8.1	13/73	5.1	99-106				Walk Right	Baby Styled Walk
133_21	133	120	6.5	locomotion	1.9-5.4	11/81	3.6	101-107				Walk	Baby Styled Walk
133_22	133	120	6.3	locomotion	1.1-5.9	12/72	3.6	100-107				Walk	Baby Styled Walk
133_23	133	120	7.1	locomotion	1.1-6.4	12/85	4.3	102-109				Walk	Baby Styled Walk
133_24	133	120	7.9	locomotion	1.1-7.9	13/87	4.6	98-105				Walk ZigZag	Baby Styled Walk
133_25	133	120	3.4	calibration	0.0-1.9	10/52	0.1	93-106				Motorcycle	Baby Styled Walk
133_26	133	120	10.3	calibration	0.7-10.1	15/93	2.0	51-110				Range of Motion	Baby Styled Walk
134_01	134	120	3.0	combat	0.0-3.0	17/86	5.3	69-116				Duck Under	Skateboard Motions
134_02	134	120	2.2	sports	0.0-2.2	13/46	4.7	89-113				Go Forward	Skateboard Motions
134_03	134	120	3.3	everyday	0.0-3.3	20/86	4.0	103-112				Lean Turn Right	Skateboard Motions
134_04	134	120	1.6	calibration	1.4-1.6	16/52	0.0	99-99				Motorcycle	Skateboard Motions
134_05	134	120	2.7	jump	0.0-2.7	17/83	4.4	81-120				Pump Jump	Skateboard Motions
134_06	134	120	2.5	everyday	0.0-2.5	15/68	5.6	94-111				Push Turn Left	Skateboard Motions
134_07	134	120	2.5	everyday	0.0-2.5	18/62	5.6	90-113				Push Turn Left	Skateboard Motions
134_08	134	120	2.2	everyday	0.0-2.2	16/67	5.4	89-111				Push Turn Right	Skateboard Motions
134_09	134	120	1.7	everyday	0.0-1.7	16/62	4.2	92-111				Push Turn Right	Skateboard Motions
134_10	134	120	2.8	locomotion	0.7-2.8	14/78	4.6	87-110				Start	Skateboard Motions
134_11	134	120	2.8	locomotion	0.5-2.8	16/65	5.1	88-111				Start	Skateboard Motions
134_12	134	120	3.1	locomotion	0.0-3.1	17/44	4.8	85-112				Stop and Go	Skateboard Motions
134_13	134	120	3.7	locomotion	0.0-3.7	16/96	4.9	88-112				Stop and Go	Skateboard Motions
134_14	134	120	3.9	locomotion	0.0-3.9	14/82	4.5	86-113				Stop ang Go	Skateboard Motions
134_15	134	120	2.1	everyday	0.0-2.1	17/69	4.9	102-114				Lean Turn Left	Skateboard Motions
135_01	135	120	51.0	combat	4.5-49.3	25/121	17.9	69-103				Bassai	Martial Arts Walks
135_02	135	120	43.3	combat	1.0-41.2	26/141	15.5	58-127				Empi	Martial Arts Walks
135_03	135	120	22.9	combat	0.9-22.9	24/99	10.3	78-103				Empi	Martial Arts Walks
135_04	135	120	11.0	combat	0.6-11.0	22/109	4.1	82-99		Front_Kick		Front Kick	Martial Arts Walks
135_05	135	120	20.5	combat	0.3-20.5	24/112	9.5	78-104				Gedanbarai	Martial Arts Walks
135_06	135	120	27.2	combat	2.0-25.8	26/101	14.3	80-103				Heiansyodan	Martial Arts Walks
135_07	135	120	12.3	everyday	0.2-12.3	26/104	5.2	72-114		Roundhouse_Kick		Mawashigeri	Martial Arts Walks
135_08	135	120	2.4	calibration	2.2-2.4	33/77	0.0	70-71	loose			Motorcycle	Martial Arts Walks
135_09	135	120	17.9	combat	1.8-16.2	26/114	8.1	77-91		Stepping_Punch		Oiduki	Martial Arts Walks
135_10	135	120	16.7	combat	1.4-15.2	30/108	8.0	79-92				Syutouuke	Martial Arts Walks
135_11	135	120	20.4	combat	0.9-20.4	30/104	8.2	62-116	loose	Side_Kick		Yokogeri	Martial Arts Walks
136_01	136	120	7.3	locomotion	1.0-7.3	14/100	5.9	98-104				Walk Bent Forward	Weird Walks
136_02	136	120	7.2	locomotion	0.0-7.2	14/70	5.8	92-107				Walk Bent Forward	Weird Walks
136_03	136	120	10.0	locomotion	0.2-10.0	15/58	5.8	96-104				Walk Backwards Bent Forward	Weird Walks
136_04	136	120	10.6	locomotion	0.6-10.6	16/73	6.2	92-107				Walk Backwards Bent Forward	Weird Walks
136_05	136	120	8.5	locomotion	1.4-8.5	14/92	6.7	99-113				Walk on Toes Bent Forward	Weird Walks
136_06	136	120	7.9	locomotion	1.2-7.9	14/100	5.9	98-114				Walk on Toes Bent Forward	Weird Walks
136_07	136	120	9.2	locomotion	0.6-9.2	12/100	6.3	103-111				Walk Backward on Toes Bent Forward	Weird Walks
136_08	136	120	11.1	locomotion	0.6-11.1	14/104	6.3	97-114				Walk Backward on Toes Bent Forward	Weird Walks
136_09	136	120	9.4	sit and lie	0.7-9.4	14/47	6.0	83-104		Crouch_Walk_Loop		Walk Crouched	Weird Walks
136_10	136	120	11.1	sit and lie	1.4-11.1	15/101	7.1	84-105				Walk Crouched	Weird Walks
136_11	136	120	12.0	sit and lie	0.9-12.0	13/67	6.4	83-105				Walk Backwards Crouched	Weird Walks
136_12	136	120	10.9	sit and lie	0.0-10.9	14/42	5.9	83-90				Walk Backwards Crouched	Weird Walks
136_13	136	120	10.4	sit and lie	1.1-10.4	13/99	6.2	90-105				Walk on Toes Crouched	Weird Walks
136_14	136	120	8.9	sit and lie	0.7-8.9	14/65	5.8	89-105				Walk on Toes Crouched	Weird Walks
136_15	136	120	11.2	sit and lie	0.8-11.2	14/61	6.3	90-104				Walk Backwards on Toes Crouched	Weird Walks
136_16	136	120	10.5	sit and lie	1.0-10.5	13/55	6.3	93-101				Walk Backwards on Toes Crouched	Weird Walks
136_17	136	120	17.7	everyday	1.7-17.7	13/94	5.5	98-108				Flamingo, lift legs high	Weird Walks
136_18	136	120	12.4	everyday	0.6-12.4	12/95	5.5	98-107				Flamingo, lift legs high	Weird Walks
136_19	136	60	2.9	calibration	2.7-2.9	19/49	0.0	88-90				Motorcycle	Weird Walks
136_20	136	120	8.3	locomotion	0.0-8.3	14/102	6.1	99-104				Normal Walk	Weird Walks
136_21	136	120	5.0	locomotion	0.0-4.9	15/98	4.7	98-105				Normal Walk	Weird Walks
136_22	136	120	7.0	locomotion	0.0-7.0	14/98	5.2	98-104				Normal Walk	Weird Walks
136_23	136	120	6.2	locomotion	0.1-6.2	15/92	5.0	99-105				Normal Walk	Weird Walks
136_24	136	120	9.0	locomotion	1.1-9.0	14/101	5.9	96-105				Normal Walk	Weird Walks
136_25	136	120	14.9	locomotion	1.0-14.8	13/104	6.4	100-105		Walk_Backwards_Loop		Normal Walk Backwards	Weird Walks
136_26	136	120	11.8	locomotion	1.7-11.8	13/99	5.5	98-105				Normal Walk Backwards	Weird Walks
136_27	136	120	9.1	locomotion	1.0-9.1	13/99	6.5	99-108				Walk on Toes	Weird Walks
136_28	136	120	9.3	locomotion	0.0-9.3	13/134	6.2	97-112				Walk on Toes	Weird Walks
136_29	136	120	9.8	locomotion	0.7-9.8	11/101	5.9	105-112				Walk Backwards on Toes	Weird Walks
136_30	136	120	10.6	locomotion	1.7-10.6	11/103	6.3	97-112				Walk Backwards on Toes	Weird Walks
136_31	136	120	12.0	locomotion	2.5-11.7	13/99	6.9	96-106				Quail, quick little steps	Weird Walks
136_32	136	120	12.0	locomotion	1.8-11.4	12/100	6.7	99-108				Quail, quick little steps	Weird Walks
136_33	136	120	8.2	calibration	0.0-8.1	19/109	1.3	82-107				Range of Motion	Weird Walks
137_01	137	120	18.0	animal and character	1.4-17.0	16/70	3.8	73-115				Cat Coffee Mug	Stylized Motions
137_02	137	120	18.1	animal and character	0.0-18.1	14/92	4.5	71-103	inverted			Cat Pick Up	Stylized Motions
137_03	137	120	54.5	animal and character	0.0-54.2	14/98	8.0	91-106				Cat Wait	Stylized Motions
137_04	137	120	16.1	animal and character	2.2-15.1	13/91	8.1	97-103				Cat Walk	Stylized Motions
137_05	137	120	14.7	animal and character	0.7-14.7	20/97	4.3	91-103				Chicken Coffee Mug	Stylized Motions
137_06	137	120	13.6	animal and character	0.6-13.6	17/95	4.6	82-104	inverted			Chicken Pick Up	Stylized Motions
137_07	137	120	39.8	animal and character	0.6-39.8	24/104	8.8	86-106	inverted			Chicken Wait	Stylized Motions
137_08	137	120	16.1	animal and character	0.8-16.1	26/113	8.9	95-105				Chicken Walk	Stylized Motions
137_09	137	120	20.6	animal and character	0.0-20.5	14/59	4.7	85-102				Dinosaur Coffee Mug	Stylized Motions
137_10	137	120	18.7	animal and character	1.5-15.4	18/85	3.5	72-100	inverted			Dinosaur Pick Up	Stylized Motions
137_11	137	120	41.1	animal and character	3.8-41.1	20/88	9.3	89-102				Dinosaur Wait	Stylized Motions
137_12	137	120	16.4	animal and character	0.8-16.4	15/92	8.4	90-103				Dinosaur Walk	Stylized Motions
137_13	137	120	24.7	animal and character	1.0-24.7	17/94	6.3	93-106				Drunk Coffee Mug	Stylized Motions
137_14	137	120	18.9	animal and character	3.4-18.9	13/93	4.2	94-105	inverted			Drunk Pick Up	Stylized Motions
137_15	137	120	44.8	animal and character	0.0-44.8	14/94	8.7	98-108				Drunk Wait	Stylized Motions
137_16	137	120	12.8	animal and character	2.1-12.4	14/92	8.3	95-110				Drunk Walk	Stylized Motions
137_17	137	120	16.2	everyday	1.2-16.2	20/92	5.3	95-103				Gangly Teen Coffee Mug	Stylized Motions
137_18	137	120	11.6	everyday	1.3-11.6	15/95	3.8	90-103	inverted			Gangly Teen Pick Up	Stylized Motions
137_19	137	120	44.3	idle	0.7-44.3	20/94	9.7	98-106				Gangly Teen Wait	Stylized Motions
137_20	137	120	13.4	locomotion	0.7-13.4	17/95	8.2	94-108				Gangly Teen Walk	Stylized Motions
137_21	137	120	15.9	everyday	1.3-8.9	12/97	4.3	96-103				Graceful Lady Coffee Mug	Stylized Motions
137_22	137	120	13.7	everyday	1.8-13.7	13/85	3.9	73-103				Graceful Lady Pick Up	Stylized Motions
137_23	137	120	37.9	idle	0.6-37.9	14/95	5.2	99-105				Graceful Lady Wait	Stylized Motions
137_24	137	120	9.9	locomotion	1.5-9.1	13/95	8.6	96-104				Graceful Lady Walk	Stylized Motions
137_25	137	120	1.3	calibration	0.0-0.2	21/53	0.0	87-89				Motorcycle	Stylized Motions
137_26	137	120	13.1	everyday	2.0-10.0	13/90	3.7	98-104				Normal Coffee Mug	Stylized Motions
137_27	137	120	9.7	everyday	2.0-8.4	15/82	2.9	85-103				Normal Pick Up	Stylized Motions
137_28	137	120	31.0	idle	0.9-30.6	14/99	5.8	102-108				Normal Wait	Stylized Motions
137_29	137	120	9.4	locomotion	0.0-8.7	14/89	8.0	95-103				Normal Walk	Stylized Motions
137_30	137	120	29.3	animal and character	0.0-29.3	12/94	3.8	89-105				Old Man Coffee Mug	Stylized Motions
137_31	137	120	28.1	animal and character	0.7-28.1	12/86	4.4	84-103	inverted			Old Man Pick Up	Stylized Motions
137_32	137	120	41.8	animal and character	0.0-41.8	13/64	2.9	90-104				Old Man Wait	Stylized Motions
137_33	137	120	25.5	animal and character	0.6-25.5	11/51	8.2	91-101				Old Man Walk	Stylized Motions
137_34	137	120	7.5	calibration	0.0-6.2	18/112	1.3	97-104				Range of Motion	Stylized Motions
137_35	137	120	20.8	everyday	0.9-18.5	14/91	4.6	97-101				Sexy Lady Coffee Mug	Stylized Motions
137_36	137	120	21.3	everyday	0.0-21.3	20/140	3.7	91-104				Sexy Lady Pick Up	Stylized Motions
137_37	137	120	42.6	idle	0.0-42.6	18/98	5.8	99-107				Sexy Lady Wait	Stylized Motions
137_38	137	120	16.8	locomotion	1.8-16.8	16/94	8.0	94-104				Sexy Lady Walk	Stylized Motions
137_39	137	120	24.4	everyday	0.7-24.1	16/86	4.8	96-103				Strong Man Coffee Mug	Stylized Motions
137_40	137	120	17.0	everyday	1.5-17.0	15/98	3.9	75-105				Strong Man Pick Up	Stylized Motions
137_41	137	120	43.3	idle	0.7-43.3	20/98	2.6	102-106				Strong Man Wait	Stylized Motions
137_42	137	120	18.2	locomotion	0.8-18.2	19/98	8.7	98-105				Strong Man Walk	Stylized Motions
138_01	138	120	6.7	locomotion	0.9-6.7	14/112	5.1	102-107				Marching	Marching, Walking and Talking
138_02	138	120	6.5	locomotion	1.2-6.5	15/110	4.9	101-107				Marching	Marching, Walking and Talking
138_03	138	120	5.7	locomotion	0.6-5.7	16/114	5.0	101-107				Marching	Marching, Walking and Talking
138_04	138	120	5.8	locomotion	0.5-5.8	16/119	5.0	100-108				Marching	Marching, Walking and Talking
138_05	138	120	3.1	locomotion	0.0-3.1	16/117	3.2	101-107				Marching	Marching, Walking and Talking
138_06	138	120	3.3	locomotion	0.0-3.3	16/129	3.3	101-108				Marching	Marching, Walking and Talking
138_07	138	120	3.2	locomotion	0.0-3.2	16/117	3.3	102-107				Marching	Marching, Walking and Talking
138_08	138	120	3.3	locomotion	0.0-3.3	16/123	3.4	101-108				Marching	Marching, Walking and Talking
138_09	138	120	3.6	locomotion	0.0-3.6	15/94	3.4	102-107				Marching	Marching, Walking and Talking
138_10	138	120	3.6	locomotion	0.0-3.6	16/113	3.5	103-109				Marching	Marching, Walking and Talking
138_11	138	120	3.7	gesture and talk	0.0-3.7	14/114	3.6	101-107				Story	Marching, Walking and Talking
138_12	138	120	2.7	gesture and talk	0.0-2.7	15/105	2.6	102-107				Story	Marching, Walking and Talking
138_13	138	120	3.6	gesture and talk	0.0-3.6	12/64	3.7	101-107				Story	Marching, Walking and Talking
138_14	138	120	3.5	gesture and talk	0.0-3.5	13/77	3.7	101-107				Story	Marching, Walking and Talking
138_15	138	120	3.4	gesture and talk	0.0-3.4	15/119	3.5	102-110				Story	Marching, Walking and Talking
138_16	138	120	3.6	gesture and talk	0.0-3.6	14/110	3.6	102-108				Story	Marching, Walking and Talking
138_17	138	120	3.7	gesture and talk	0.0-3.7	14/116	3.7	102-107				Story	Marching, Walking and Talking
138_18	138	120	3.2	gesture and talk	0.0-3.2	14/101	3.3	103-107				Story	Marching, Walking and Talking
138_19	138	120	3.8	gesture and talk	0.0-3.8	13/112	3.6	103-107				Story	Marching, Walking and Talking
138_20	138	120	3.7	gesture and talk	0.0-3.7	12/112	3.4	103-107				Story	Marching, Walking and Talking
138_21	138	120	3.3	gesture and talk	0.0-3.3	14/119	3.2	103-107				Story	Marching, Walking and Talking
138_22	138	120	3.2	gesture and talk	0.0-3.2	13/115	3.3	102-107				Story	Marching, Walking and Talking
138_23	138	120	3.8	gesture and talk	0.0-3.8	12/102	3.6	102-107				Story	Marching, Walking and Talking
138_24	138	120	4.2	gesture and talk	0.0-4.2	20/164	3.5	102-108				Story	Marching, Walking and Talking
138_25	138	120	3.0	gesture and talk	0.0-3.0	15/115	3.2	88-106				Story	Marching, Walking and Talking
138_26	138	120	7.9	gesture and talk	0.0-7.7	16/147	5.4	103-108				Story	Marching, Walking and Talking
138_27	138	120	7.8	gesture and talk	0.8-7.3	16/113	5.5	97-108				Story	Marching, Walking and Talking
138_28	138	120	8.0	gesture and talk	0.5-7.2	18/121	5.6	102-115				Story	Marching, Walking and Talking
138_29	138	120	6.8	gesture and talk	0.0-6.0	16/102	5.3	102-108				Story	Marching, Walking and Talking
138_30	138	120	9.0	gesture and talk	0.0-7.7	15/369	6.0	78-107				Story	Marching, Walking and Talking
138_31	138	120	6.6	gesture and talk	0.0-6.0	148/449	5.1	103-107	loose			Story	Marching, Walking and Talking
138_32	138	120	7.6	gesture and talk	0.4-7.4	15/103	5.4	97-107				Story	Marching, Walking and Talking
138_33	138	120	8.7	gesture and talk	0.1-6.6	13/116	5.3	102-107				Story	Marching, Walking and Talking
138_34	138	120	7.7	gesture and talk	0.0-6.7	13/107	5.3	102-107				Story	Marching, Walking and Talking
138_35	138	120	7.6	gesture and talk	0.0-6.9	14/95	5.3	102-107				Story	Marching, Walking and Talking
138_36	138	120	9.0	gesture and talk	0.0-8.0	14/108	5.4	102-109				Story	Marching, Walking and Talking
138_37	138	120	6.7	gesture and talk	0.0-5.9	16/108	5.3	100-106				Story	Marching, Walking and Talking
138_38	138	120	8.0	gesture and talk	0.4-6.8	15/110	5.3	103-106				Story	Marching, Walking and Talking
138_39	138	120	7.3	gesture and talk	0.4-6.6	15/121	5.2	101-107				Story	Marching, Walking and Talking
138_40	138	120	6.8	gesture and talk	0.2-6.1	15/113	5.3	100-107				Story	Marching, Walking and Talking
138_41	138	120	6.5	gesture and talk	0.2-6.1	19/174	5.1	86-107				Story	Marching, Walking and Talking
138_42	138	120	7.7	gesture and talk	0.2-6.3	19/147	5.5	89-107	inverted			Story	Marching, Walking and Talking
138_43	138	120	6.2	gesture and talk	0.2-6.0	16/123	5.2	97-107				Story	Marching, Walking and Talking
138_44	138	120	8.4	gesture and talk	0.1-8.4	14/112	6.8	101-110				Story	Marching, Walking and Talking
138_45	138	120	5.5	gesture and talk	0.0-5.4	14/103	5.4	100-107				Story	Marching, Walking and Talking
138_46	138	120	2.6	gesture and talk	0.2-2.6	20/160	2.6	90-105				Story	Marching, Walking and Talking
138_47	138	120	5.7	gesture and talk	0.0-5.7	15/114	5.2	97-107				Story	Marching, Walking and Talking
138_48	138	120	5.2	gesture and talk	0.0-5.2	22/206	4.6	93-107				Story	Marching, Walking and Talking
138_49	138	120	5.2	gesture and talk	0.0-5.1	15/140	5.3	99-107				Story	Marching, Walking and Talking
138_50	138	120	6.5	gesture and talk	0.0-6.2	15/103	5.5	101-107				Story	Marching, Walking and Talking
138_51	138	120	5.9	gesture and talk	0.0-5.7	13/111	5.2	103-108				Story	Marching, Walking and Talking
138_52	138	120	7.2	gesture and talk	0.5-6.9	14/105	5.4	101-107				Story	Marching, Walking and Talking
138_53	138	120	6.3	gesture and talk	0.0-6.3	15/115	5.6	98-107				Story	Marching, Walking and Talking
138_54	138	120	6.5	gesture and talk	0.4-6.3	17/180	8.7	0-107				Story	Marching, Walking and Talking
138_55	138	120	3.3	gesture and talk	0.0-3.3	15/113	3.3	103-107				Story	Marching, Walking and Talking
139_01	139	120	9.1	reaction	0.5-9.1	21/99	2.3	76-104		Search_Ground		Looking Around	Action Walks, sneaking, wounded, looking around
139_02	139	120	7.8	idle	0.0-7.8	17/73	1.2	104-106				Shifting Weight	Action Walks, sneaking, wounded, looking around
139_03	139	120	8.2	reaction	0.0-8.2	16/60	2.1	96-104		Looking_Around		Looking Around	Action Walks, sneaking, wounded, looking around
139_04	139	120	7.4	reaction	0.0-7.4	20/103	1.9	87-104				Looking Around	Action Walks, sneaking, wounded, looking around
139_05	139	120	4.3	everyday	0.0-4.3	13/71	0.4	95-97				Pulling a Gun	Action Walks, sneaking, wounded, looking around
139_06	139	120	11.3	everyday	0.0-11.3	22/122	3.4	68-106				Poking Around On The Ground	Action Walks, sneaking, wounded, looking around
139_07	139	120	4.2	everyday	0.0-4.2	18/83	0.7	79-105				Poking Around On The Ground	Action Walks, sneaking, wounded, looking around
139_08	139	120	8.4	everyday	0.5-8.4	19/114	2.5	55-105				Poking Around On The Ground	Action Walks, sneaking, wounded, looking around
139_09	139	120	8.2	combat	0.0-8.2	20/122	2.1	50-105				Ducking	Action Walks, sneaking, wounded, looking around
139_10	139	120	5.7	locomotion	0.9-5.7	16/87	9.9	91-104				Run	Action Walks, sneaking, wounded, looking around
139_11	139	120	2.7	locomotion	0.8-2.7	15/78	3.8	91-105				Run To Sneak	Action Walks, sneaking, wounded, looking around
139_12	139	120	8.1	locomotion	0.7-7.6	14/88	18.0	92-107				Run in Circles	Action Walks, sneaking, wounded, looking around
139_13	139	120	11.6	locomotion	0.8-11.6	14/94	29.9	89-104				Run in Circles	Action Walks, sneaking, wounded, looking around
139_14	139	120	8.2	locomotion	0.0-8.2	19/81	8.6	88-97			pick: Sneak_Sideways (along a wall)	Sneak Sideways	Action Walks, sneaking, wounded, looking around
139_15	139	120	9.0	locomotion	0.0-9.0	19/78	8.4	86-95				Sneak Sideways	Action Walks, sneaking, wounded, looking around
139_16	139	120	5.4	reaction	0.8-5.4	19/111	2.0	10-97				Get Up From Ground	Action Walks, sneaking, wounded, looking around
139_17	139	120	6.0	reaction	0.7-6.0	23/103	2.3	9-100				Get Up From Ground	Action Walks, sneaking, wounded, looking around
139_18	139	120	7.1	reaction	0.0-7.1	22/117	2.5	12-104	inverted			Get Up From Ground Laying on Back	Action Walks, sneaking, wounded, looking around
139_19	139	120	8.3	reaction	0.0-8.3	18/105	5.9	79-103		Wounded_Walk_Loop		Walk Wounded Leg	Action Walks, sneaking, wounded, looking around
139_20	139	120	13.1	reaction	0.0-13.1	19/95	11.0	77-104				Walk Wounded Leg	Action Walks, sneaking, wounded, looking around
139_21	139	120	10.9	calibration	0.0-10.2	19/114	1.2	40-110				Range Of Motion	Action Walks, sneaking, wounded, looking around
139_22	139	120	11.9	reaction	0.0-11.9	18/101	10.5	86-106				Walk Wounded Leg	Action Walks, sneaking, wounded, looking around
139_23	139	120	13.3	reaction	0.0-13.3	17/119	10.0	88-103				Walk Wounded Leg	Action Walks, sneaking, wounded, looking around
139_24	139	120	6.0	reaction	0.0-6.0	18/72	2.9	89-104				Walk Wounded Leg	Action Walks, sneaking, wounded, looking around
139_25	139	120	5.5	reaction	0.0-5.5	19/88	1.8	84-104				Giving Directions	Action Walks, sneaking, wounded, looking around
139_26	139	120	5.4	reaction	0.0-5.4	20/110	2.9	81-104				Looking Around	Action Walks, sneaking, wounded, looking around
139_27	139	120	6.1	reaction	0.1-6.1	20/117	3.0	82-104				Looking Around	Action Walks, sneaking, wounded, looking around
139_28	139	120	24.7	locomotion	2.3-24.7	15/79	17.5	101-105				Walking	Action Walks, sneaking, wounded, looking around
139_29	139	120	17.5	locomotion	0.8-17.5	14/80	10.8	90-105		Sneak_Loop		Sneaking	Action Walks, sneaking, wounded, looking around
139_30	139	120	10.5	locomotion	0.0-10.5	16/93	9.6	100-105				Walking	Action Walks, sneaking, wounded, looking around
139_31	139	120	17.5	locomotion	0.8-17.5	15/92	14.5	87-103				Sneaking	Action Walks, sneaking, wounded, looking around
139_32	139	120	15.8	locomotion	0.7-15.8	20/84	12.3	87-105				Sneaking	Action Walks, sneaking, wounded, looking around
139_33	139	120	25.0	locomotion	0.6-25.0	16/75	16.2	91-104				Sneaking	Action Walks, sneaking, wounded, looking around
139_34	139	120	9.3	locomotion	0.0-9.3	14/84	3.9	93-104				Sneaking	Action Walks, sneaking, wounded, looking around
140_01	140	120	6.9	reaction	0.8-6.9	22/128	1.7	15-98		Get_Up_Face_Down		Get Up Face Down	Getting Up From Ground
140_02	140	120	7.8	reaction	0.1-7.8	19/108	1.9	15-103				Get Up Face Down	Getting Up From Ground
140_03	140	120	8.5	reaction	0.0-8.5	18/92	1.4	11-102		Get_Up_From_Side		Get Up Laying on Side	Getting Up From Ground
140_04	140	120	9.2	reaction	0.6-9.2	20/98	1.5	10-98				Get Up Laying on Side	Getting Up From Ground
140_05	140	120	0.2	calibration	0.0-0.2	25/107	0.0	73-73	short			Motorcycle	Getting Up From Ground
140_06	140	120	29.7	idle	0.0-29.7	16/66	4.6	82-103			pick: Idle_Shift (a long idle)	Idle	Getting Up From Ground
140_07	140	120	10.3	idle	0.0-10.3	16/85	1.2	89-92				Idle	Getting Up From Ground
140_08	140	120	7.5	reaction	0.4-7.5	18/79	1.3	9-100		Get_Up_From_Back		Get Up From Ground Laying on Back	Getting Up From Ground
140_09	140	120	6.8	reaction	0.2-6.0	18/75	1.3	11-100				Get Up From Ground Laying on Back	Getting Up From Ground
141_01	141	120	0.6	locomotion	0.0-0.6	16/58	3.4	96-109	short			Run	General Subject Capture
141_02	141	120	0.9	locomotion	0.0-0.9	16/79	3.7	94-107	short			Run	General Subject Capture
141_03	141	120	1.9	locomotion	0.6-1.9	16/62	5.1	96-108				Run	General Subject Capture
141_04	141	120	4.6	jump	0.2-4.6	17/96	4.3	91-123				Jump Distances	General Subject Capture
141_05	141	120	1.9	jump	0.3-1.8	15/79	1.3	91-122				Jump Sideways	General Subject Capture
141_06	141	120	5.4	jump	0.4-5.4	15/129	1.5	92-126				Jump Twist	General Subject Capture
141_07	141	120	2.5	locomotion	0.0-2.5	20/66	3.1	96-146				Walk Up and Over	General Subject Capture
141_08	141	120	2.8	locomotion	0.0-2.8	24/97	3.6	98-149				Steop On Walk Down	General Subject Capture
141_09	141	120	1.9	locomotion	0.0-1.9	20/104	3.6	97-109				Step Over	General Subject Capture
141_10	141	120	4.2	sports	0.0-4.1	14/68	1.6	94-106				Toss and Catch	General Subject Capture
141_11	141	120	5.7	sports	0.0-5.3	15/95	3.4	85-106			pick: Throw_Catch (a thrown item)	Throw and Catch	General Subject Capture
141_12	141	120	4.7	dance	0.0-4.7	21/79	2.8	84-106				Dance, Twist	General Subject Capture
141_13	141	120	3.1	gesture and talk	0.0-3.1	13/50	0.5	103-109		Stretch_Yawn		Stretch and Yawn	General Subject Capture
141_14	141	120	4.8	combat	0.0-4.8	25/161	1.8	98-108				Punch and Kick	General Subject Capture
141_15	141	120	9.7	calibration	0.0-9.2	23/173	2.1	62-109				Range of Motion	General Subject Capture
141_16	141	120	2.5	gesture and talk	0.0-2.3	13/60	0.6	101-104		Wave_Hello		Wave Hello	General Subject Capture
141_17	141	120	4.7	sit and lie	0.0-4.7	30/124	3.2	99-115	loose			Sit on Stool	General Subject Capture
141_18	141	120	3.2	gesture and talk	0.0-3.2	15/53	1.0	102-104				Peek a Boo	General Subject Capture
141_19	141	120	9.9	locomotion	0.0-9.9	21/151	14.2	97-103				Walk	General Subject Capture
141_20	141	120	6.4	idle	0.0-6.4	17/121	3.4	100-105		Waiting_Loop		Waiting	General Subject Capture
141_21	141	120	2.3	gesture and talk	0.3-1.7	11/57	0.1	102-105		Shrug		Shrug	General Subject Capture
141_22	141	120	1.6	gesture and talk	0.0-1.6	15/61	3.1	99-105			pick: High_Five (a party member)	High Five	General Subject Capture
141_23	141	120	2.1	gesture and talk	0.0-2.1	15/57	2.5	98-104				Shake Hands	General Subject Capture
141_24	141	120	2.2	gesture and talk	0.0-2.2	16/69	4.1	97-105				Around the world High Five Low	General Subject Capture
141_25	141	120	5.1	locomotion	0.3-5.1	23/120	8.9	99-106				Walk	General Subject Capture
141_26	141	120	3.3	gesture and talk	0.0-3.3	18/92	3.3	67-106		Curtsey		Curtsey	General Subject Capture
141_27	141	120	4.6	everyday	0.0-4.4	16/74	2.7	100-104			pick: Mope (a sad townsperson)	Mope	General Subject Capture
141_28	141	120	3.0	sports	0.0-3.0	18/87	1.6	98-104				Slap Hands, Throw it Back	General Subject Capture
141_29	141	120	9.7	locomotion	0.0-9.7	27/155	12.5	99-108				Random Walk	General Subject Capture
141_30	141	120	6.0	locomotion	0.0-6.0	25/150	10.6	98-104				Random Walk	General Subject Capture
141_31	141	120	5.6	locomotion	0.0-5.4	23/105	8.8	100-106				Walk Backwards	General Subject Capture
141_32	141	120	7.4	locomotion	0.6-7.1	13/59	8.6	99-106				Walk Sideways, Cross Legs	General Subject Capture
141_33	141	120	8.8	locomotion	0.0-8.3	14/57	8.5	97-108				Walk Sideways, Foot to Foot	General Subject Capture
141_34	141	120	2.6	locomotion	0.6-2.6	22/126	4.8	96-108				Run	General Subject Capture
142_01	142	120	43.7	locomotion	2.2-43.7	10/67	21.7	103-108				Childish	Stylized Walks
142_02	142	120	15.7	locomotion	1.5-15.7	15/94	13.5	90-120				Clumsy	Stylized Walks
142_03	142	120	20.2	locomotion	8.5-20.2	15/71	10.7	87-111				Clumsy	Stylized Walks
142_04	142	120	31.1	locomotion	1.5-30.4	12/86	21.2	99-109				Cool	Stylized Walks
142_05	142	120	56.1	locomotion	1.4-56.1	13/59	21.2	102-106				Depressed	Stylized Walks
142_06	142	120	22.0	locomotion	2.0-21.8	12/71	20.9	92-112				Elated	Stylized Walks
142_07	142	120	69.9	locomotion	0.8-69.9	8/60	22.6	99-106				Elderlyman	Stylized Walks
142_08	142	120	25.3	gesture and talk	2.0-23.7	12/70	20.1	97-107				Happy	Stylized Walks
142_09	142	120	22.2	locomotion	1.7-22.1	14/89	20.4	91-132				Joy	Stylized Walks
142_10	142	120	37.6	locomotion	0.3-37.6	12/76	20.9	101-107				Lavish	Stylized Walks
142_11	142	120	27.3	locomotion	0.9-27.3	14/70	20.0	100-107				Marching	Stylized Walks
142_12	142	120	39.2	locomotion	1.9-39.2	11/54	21.0	100-108				Painfulleftknee	Stylized Walks
142_13	142	120	43.0	locomotion	1.4-42.8	13/76	20.7	103-107				Relaxed	Stylized Walks
142_14	142	120	13.9	locomotion	1.4-13.4	11/60	19.4	94-106				Rushed	Stylized Walks
142_15	142	120	44.8	gesture and talk	1.8-44.8	13/72	20.6	103-106				Sad	Stylized Walks
142_16	142	120	48.5	gesture and talk	1.6-48.5	17/121	22.6	60-112				Scared	Stylized Walks
142_17	142	120	36.9	gesture and talk	2.7-36.9	16/105	20.9	86-105				Scared	Stylized Walks
142_18	142	120	40.8	locomotion	1.2-40.8	17/76	20.9	99-106				Sexy	Stylized Walks
142_19	142	120	37.4	locomotion	0.0-37.4	13/58	21.2	101-107				Shy	Stylized Walks
142_20	142	120	12.8	jump	0.1-12.1	15/127	12.3	92-140				Singing in the rain jump	Stylized Walks
142_21	142	120	11.8	jump	0.0-10.9	16/122	11.5	92-140				Singing in the rain jump	Stylized Walks
142_22	142	120	43.5	locomotion	0.0-43.5	15/80	21.3	85-104				Sneaky	Stylized Walks
143_01	143	120	0.8	locomotion	0.0-0.8	12/51	4.9	94-104	short			Run	General Subject Capture
143_02	143	120	1.7	locomotion	0.0-1.2	11/53	3.7	91-102				Run to Stop	General Subject Capture
143_03	143	120	2.0	locomotion	1.0-2.0	10/52	3.4	92-104				Start to Run	General Subject Capture
143_04	143	120	9.0	locomotion	1.2-9.0	10/51	21.8	86-101				Run Figure 8	General Subject Capture
143_05	143	120	2.8	jump	0.6-2.6	12/58	4.0	82-128				Jumping Distances	General Subject Capture
143_06	143	120	3.3	jump	0.5-2.6	12/43	0.7	87-150				Jumping Heights	General Subject Capture
143_07	143	120	4.6	jump	0.5-4.6	12/52	7.9	84-119				Jumping Sideways	General Subject Capture
143_08	143	120	3.2	jump	0.3-2.6	11/48	1.4	85-134				Jumping Twists	General Subject Capture
143_09	143	120	4.5	jump	0.4-4.5	11/61	2.9	83-136				Jumping Twists	General Subject Capture
143_10	143	120	4.8	everyday	0.0-4.3	10/66	4.2	83-101	inverted			Walk And Pick up Tool Box	General Subject Capture
143_11	143	120	5.5	everyday	0.5-5.1	10/56	4.5	87-101		Pick_Up_Box		Walk And Pick up Box	General Subject Capture
143_12	143	120	4.9	everyday	0.0-4.4	10/52	3.9	85-101				Walk And Pick up Toolbox	General Subject Capture
143_13	143	120	4.8	everyday	0.0-4.3	11/101	4.2	74-101				Walk and Pick up Laundry Basket	General Subject Capture
143_14	143	120	6.0	locomotion	0.0-5.8	10/55	7.3	96-103				Walk And Step Over	General Subject Capture
143_15	143	120	5.9	locomotion	0.2-5.9	10/54	7.4	92-107				Walk And Step Over	General Subject Capture
143_16	143	120	5.1	locomotion	0.0-5.1	10/57	6.7	93-111				Walk And Step Over	General Subject Capture
143_17	143	120	5.3	locomotion	0.0-5.3	12/277	3.1	99-147			pick: Stairs_Up (stairs between floors)	Walk Up Stairs And Over	General Subject Capture
143_18	143	120	6.3	reaction	0.3-6.3	11/70	1.6	60-104		Sit_Down_Get_Up		Sit Down And Get Up	General Subject Capture
143_19	143	120	7.0	reaction	0.4-7.0	12/64	2.1	94-105				Sit On Stool And Get Up	General Subject Capture
143_20	143	120	5.4	sports	0.0-5.4	11/50	2.5	83-103				Catch And Throw	General Subject Capture
143_21	143	120	17.9	calibration	0.0-17.0	18/130	2.8	38-105				Range Of Motion	General Subject Capture
143_22	143	120	9.1	sports	0.8-9.1	10/72	6.7	70-101				Catch And Throw Football	General Subject Capture
143_23	143	120	6.8	combat	0.1-6.3	12/60	0.7	94-103				Punching	General Subject Capture
143_24	143	120	8.4	combat	0.5-8.4	11/67	3.9	93-109				Kicking	General Subject Capture
143_25	143	120	5.5	gesture and talk	0.2-5.0	8/46	0.2	100-102				Waving	General Subject Capture
143_26	143	120	5.3	everyday	0.5-4.9	8/43	0.8	101-102				Washing Window	General Subject Capture
143_27	143	120	5.9	everyday	0.6-5.4	9/43	0.6	102-102				Washing Window	General Subject Capture
143_28	143	120	5.4	everyday	0.0-5.1	14/59	2.4	100-102				Sweeping, Push Broom	General Subject Capture
143_29	143	120	9.0	other	0.6-8.8	10/50	8.5	99-102				Pacing	General Subject Capture
143_30	143	120	3.1	gesture and talk	0.0-3.1	12/62	0.4	99-102				Stretch And Yawn	General Subject Capture
143_31	143	120	3.5	jump	0.4-3.3	11/52	2.9	91-110				Hopscotch	General Subject Capture
143_32	143	120	6.5	locomotion	0.0-6.5	10/57	8.9	97-102				Walk	General Subject Capture
143_33	143	120	3.0	gesture and talk	0.3-3.0	10/41	0.1	99-102				Peek A Boo	General Subject Capture
143_34	143	120	6.5	dance	0.0-6.5	14/83	1.0	73-103			pick: Chicken_Dance (a town festival)	Chicken Dance	General Subject Capture
143_35	143	120	10.7	dance	0.5-10.7	10/73	1.0	92-117				Macarena Dance	General Subject Capture
143_36	143	120	6.3	other	0.2-5.7	12/66	13.6	93-103				Airplane	General Subject Capture
143_37	143	120	4.6	climb	0.1-4.6	15/92	1.7	100-170				Climb Up And Down Ladder	General Subject Capture
143_38	143	120	11.0	everyday	0.4-11.0	13/308	16.9	98-102				Walk Digital 8	General Subject Capture
143_39	143	120	9.0	locomotion	0.5-9.0	10/50	8.9	98-103				Walk Backwards	General Subject Capture
143_40	143	120	8.0	locomotion	0.5-8.0	10/45	8.6	97-102				Walk Sideways	General Subject Capture
143_41	143	120	9.7	locomotion	0.0-9.3	13/51	8.1	87-99				Sneak	General Subject Capture
143_42	143	120	4.5	locomotion	0.9-4.2	11/54	8.8	90-104				Run	General Subject Capture
144_01	144	120	20.5	acrobatics	0.7-20.5	19/124	16.3	88-114	inverted			Cartwheels	punching female
144_02	144	120	19.4	acrobatics	1.7-19.4	18/315	12.0	86-118	inverted			Cartwheels001	punching female
144_03	144	120	37.3	combat	0.7-36.9	11/71	26.4	101-106				Figure8s	punching female
144_04	144	120	32.3	combat	0.8-32.3	11/74	22.4	100-106				Figure8s001	punching female
144_05	144	120	23.2	combat	0.0-22.1	15/87	9.9	91-106				Front_Kicking	punching female
144_06	144	120	30.3	combat	0.9-30.3	16/103	10.3	92-105				Front_Kicking001	punching female
144_07	144	120	20.4	combat	0.1-20.4	13/79	6.8	97-105				Left_Blocks	punching female
144_08	144	120	25.0	combat	0.0-24.5	12/76	8.5	97-104				Left_Blocks001	punching female
144_09	144	120	28.2	combat	0.5-28.2	15/103	9.5	89-104				Left_Front_Kicking	punching female
144_10	144	120	29.1	combat	0.6-29.1	15/110	9.9	89-104				Left_Front_Kicking001	punching female
144_11	144	120	28.6	exercise	0.7-27.6	12/70	10.3	59-103			pick: Lunges (a fighter warming up)	Left_Lunges	punching female
144_12	144	120	27.7	exercise	0.8-26.7	12/70	10.3	61-103				Left_Lunges001	punching female
144_13	144	120	16.2	combat	0.3-16.2	19/121	2.4	64-105				Left_Punch_Sequence001	punching female
144_14	144	120	17.1	combat	0.0-17.1	17/121	2.5	76-106				Left_Punch_Sequence002	punching female
144_15	144	120	27.5	everyday	0.2-27.5	15/119	4.8	72-106				Left_Spin_reach001	punching female
144_16	144	120	25.7	everyday	0.4-25.4	14/109	4.8	71-106				Left_Spin_reach002	punching female
144_17	144	120	23.5	exercise	0.8-22.3	11/85	9.0	56-103				Lunges	punching female
144_18	144	120	25.8	exercise	1.3-24.8	12/80	10.4	59-103				Lunges001	punching female
144_19	144	120	2.9	calibration	0.0-0.8	14/38	0.1	98-99				motorcycle pose	punching female
144_20	144	120	18.9	combat	0.0-18.9	18/147	2.8	59-107		Punch_Combo		Punch_Sequence	punching female
144_21	144	120	16.1	combat	0.0-16.0	21/164	2.4	56-106				Punch_Sequence001	punching female
144_22	144	120	27.8	everyday	1.2-27.8	18/132	2.2	54-107				Reach_Left001	punching female
144_23	144	120	28.4	everyday	0.1-27.9	20/145	2.0	56-107				Reach_Left002	punching female
144_24	144	120	39.2	everyday	0.2-39.2	15/136	3.7	55-106				Reach_Right	punching female
144_25	144	120	27.8	everyday	0.8-27.8	14/123	2.5	55-108				Reach_Right001	punching female
144_26	144	120	27.9	combat	0.4-27.9	11/66	10.4	95-106		Block_Combo		Right_Blocks	punching female
144_27	144	120	22.1	combat	0.6-21.3	11/82	8.2	90-104				Right_Blocks001	punching female
144_28	144	120	19.0	everyday	0.0-18.3	15/116	3.4	71-106				Right_Spin_reach	punching female
144_29	144	120	25.7	everyday	2.0-25.7	13/111	5.6	77-106				Right_Spin_reach001	punching female
144_30	144	120	41.3	combat	0.5-41.3	30/164	4.8	22-108	inverted			Sun Salutation	punching female
144_31	144	120	40.3	combat	0.8-40.3	30/160	5.1	21-104	inverted			Sun Salutation001	punching female
144_32	144	120	43.3	combat	0.0-43.3	29/171	5.0	21-105	inverted			Sun Salutation002	punching female
144_33	144	120	41.8	locomotion	0.0-40.8	11/58	22.7	102-107				Walking	punching female
144_34	144	120	39.1	locomotion	0.0-38.7	10/67	17.8	102-107				Walking001	punching female
